id;fecha_inicio;id_curso
1;2025-08-21;1
2;2025-08-11;1
3;2025-01-11;1
4;2024-04-08;1
5;2025-02-20;1
6;2024-11-26;1
7;2025-08-08;1
8;2026-01-03;1
9;2024-02-26;1
10;2025-04-13;1
11;2024-03-20;1
12;2024-09-09;1
13;2024-01-05;1
14;2025-04-02;1
15;2025-08-07;1
16;2024-05-27;1
17;2025-12-03;1
18;2025-03-02;1
19;2024-06-22;1
20;2025-05-08;1
21;2024-07-29;1
22;2024-02-02;1
23;2025-01-04;1
24;2024-09-15;1
25;2024-09-14;1
26;2025-03-06;1
27;2024-07-10;1
28;2024-06-30;1
29;2024-03-06;1
30;2026-01-04;1
31;2024-02-27;1
32;2024-10-06;1
33;2024-01-09;1
34;2024-08-11;1
35;2025-12-05;1
36;2025-12-19;1
37;2024-10-24;1
38;2025-07-05;1
39;2024-06-15;1
40;2025-09-16;1
41;2025-04-22;1
42;2025-06-05;1
43;2024-01-30;1
44;2025-10-08;1
45;2025-11-09;1
46;2025-12-25;1
47;2025-07-31;1
48;2025-09-04;1
49;2025-02-23;1
50;2024-04-11;1
51;2024-09-25;1
52;2025-12-31;1
53;2025-10-26;1
54;2026-01-06;1
55;2025-08-08;1
56;2024-06-17;1
57;2025-02-11;1
58;2026-01-22;1
59;2025-04-21;1
60;2024-05-24;1
61;2024-02-04;1
62;2024-09-14;1
63;2025-05-02;1
64;2025-11-13;1
65;2025-04-15;1
66;2025-07-10;1
67;2024-02-03;1
68;2024-08-03;1
69;2025-02-19;1
70;2025-10-01;1
71;2024-05-13;1
72;2024-06-28;1
73;2024-02-14;1
74;2025-05-19;1
75;2024-11-20;1
76;2025-08-18;1
77;2024-02-20;1
78;2025-12-10;1
79;2024-11-24;1
80;2024-09-12;1
81;2025-06-27;1
82;2024-08-26;1
83;2026-01-11;1
84;2024-06-07;1
85;2025-10-31;1
86;2025-06-29;1
87;2024-09-19;1
88;2025-09-14;1
89;2025-06-26;1
90;2025-02-07;1
91;2026-01-13;1
92;2024-02-10;1
93;2024-10-14;1
94;2025-03-04;1
95;2025-04-23;1
96;2024-03-12;1
97;2024-02-26;1
98;2024-12-05;1
99;2025-03-29;1
100;2024-09-23;1
101;2024-12-04;1
102;2025-11-05;1
103;2024-05-21;1
104;2024-08-04;1
105;2024-06-15;1
106;2024-11-20;1
107;2025-03-30;1
108;2024-06-14;1
109;2025-10-03;1
110;2025-08-13;1
111;2024-05-14;1
112;2025-08-03;1
113;2025-05-14;1
114;2026-01-26;1
115;2024-08-19;1
116;2025-10-20;1
117;2024-07-28;1
118;2025-10-22;1
119;2025-07-03;1
120;2025-11-13;1
121;2025-10-11;1
122;2025-07-27;1
123;2024-09-22;1
124;2025-11-11;1
125;2024-08-25;1
126;2026-01-17;1
127;2025-07-18;1
128;2024-09-08;1
129;2024-04-27;1
130;2024-01-03;1
131;2024-10-04;1
132;2025-12-01;1
133;2024-12-24;1
134;2024-09-05;1
135;2024-04-07;1
136;2025-03-17;1
137;2024-02-18;1
138;2025-01-04;1
139;2025-11-26;1
140;2024-12-11;1
141;2025-10-05;1
142;2024-03-24;1
143;2024-05-11;1
144;2025-12-20;1
145;2025-08-19;1
146;2025-09-19;1
147;2025-10-28;1
148;2025-03-19;1
149;2024-05-20;1
150;2025-07-25;1
151;2024-01-06;1
152;2025-03-16;1
153;2025-08-10;1
154;2024-04-06;1
155;2025-05-18;1
156;2024-02-28;1
157;2025-05-27;1
158;2024-04-07;1
159;2025-04-16;1
160;2025-10-24;1
161;2025-05-08;1
162;2025-01-12;1
163;2024-02-24;1
164;2024-06-18;1
165;2025-07-03;1
166;2025-07-08;1
167;2025-12-31;1
168;2024-04-19;1
169;2024-12-28;1
170;2024-03-03;1
171;2025-03-19;1
172;2024-05-01;1
173;2024-07-11;1
174;2024-01-10;1
175;2025-11-14;1
176;2025-02-24;1
177;2025-12-02;1
178;2025-11-23;1
179;2024-05-17;1
180;2024-04-10;1
181;2024-01-14;2
182;2025-05-06;2
183;2025-08-04;2
184;2024-06-24;2
185;2025-04-15;2
186;2025-10-20;2
187;2024-05-24;2
188;2024-08-25;2
189;2024-09-16;2
190;2024-09-26;2
191;2024-06-02;2
192;2025-01-18;2
193;2024-07-31;2
194;2025-03-16;2
195;2025-12-28;2
196;2024-01-30;2
197;2025-07-25;2
198;2025-02-15;2
199;2024-11-28;2
200;2024-02-27;2
201;2025-09-28;2
202;2025-05-24;2
203;2024-02-13;2
204;2024-03-05;2
205;2026-01-30;2
206;2024-01-02;2
207;2024-05-27;2
208;2025-09-07;2
209;2025-06-28;2
210;2024-11-04;2
211;2024-05-17;2
212;2024-04-27;2
213;2024-11-05;2
214;2025-12-31;2
215;2024-12-01;2
216;2026-01-21;2
217;2025-09-24;2
218;2026-01-08;2
219;2024-07-03;2
220;2025-09-06;2
221;2024-07-12;2
222;2024-02-13;2
223;2024-12-25;2
224;2025-10-14;2
225;2025-09-18;2
226;2025-05-15;2
227;2025-02-09;2
228;2024-08-26;2
229;2024-01-07;2
230;2024-04-09;2
231;2024-10-07;2
232;2024-06-07;2
233;2024-09-02;2
234;2024-02-08;2
235;2025-07-16;2
236;2024-02-19;2
237;2024-01-11;2
238;2025-12-25;2
239;2025-11-20;2
240;2024-08-25;2
241;2025-01-02;2
242;2024-09-11;2
243;2024-04-06;2
244;2025-07-30;2
245;2024-08-30;2
246;2025-03-10;2
247;2024-01-20;2
248;2025-08-07;2
249;2025-12-05;2
250;2025-04-04;2
251;2025-10-04;2
252;2024-11-02;2
253;2024-02-08;2
254;2025-12-24;2
255;2024-09-29;2
256;2024-02-11;2
257;2024-04-02;2
258;2026-01-10;2
259;2025-11-24;2
260;2025-12-05;2
261;2025-02-11;2
262;2025-10-19;2
263;2024-10-07;2
264;2025-02-20;2
265;2025-03-01;2
266;2025-08-06;2
267;2025-01-02;2
268;2025-05-18;2
269;2025-01-08;2
270;2025-07-25;2
271;2024-07-06;2
272;2024-04-18;2
273;2024-01-06;2
274;2024-09-09;2
275;2024-07-24;2
276;2025-12-08;2
277;2025-01-01;2
278;2024-07-07;2
279;2024-08-08;2
280;2024-10-02;2
281;2025-02-08;2
282;2024-08-11;2
283;2024-11-11;2
284;2024-07-23;2
285;2025-09-16;2
286;2024-03-22;2
287;2024-07-03;2
288;2024-08-22;2
289;2025-06-04;2
290;2025-05-15;2
291;2025-01-27;2
292;2025-01-26;2
293;2025-06-28;2
294;2024-09-25;2
295;2024-07-21;2
296;2024-10-04;2
297;2025-09-22;2
298;2025-06-12;2
299;2025-02-10;2
300;2025-09-09;2
301;2024-09-08;2
302;2024-01-26;2
303;2025-04-13;2
304;2025-06-15;2
305;2024-02-15;2
306;2025-03-01;2
307;2026-01-31;2
308;2025-05-01;2
309;2025-03-25;2
310;2026-01-16;2
311;2024-04-25;2
312;2025-03-22;2
313;2025-06-29;2
314;2024-04-23;2
315;2024-04-12;2
316;2024-10-27;2
317;2025-07-28;2
318;2026-01-13;2
319;2024-05-04;2
320;2024-04-26;2
321;2024-01-07;2
322;2024-04-17;2
323;2024-07-30;2
324;2025-11-15;2
325;2024-12-20;2
326;2024-11-04;2
327;2024-01-30;2
328;2024-01-11;2
329;2025-08-30;2
330;2025-07-24;2
331;2025-06-06;2
332;2024-05-13;2
333;2024-12-09;2
334;2024-11-06;2
335;2024-04-10;2
336;2024-05-31;2
337;2026-01-07;2
338;2024-06-25;2
339;2024-12-28;2
340;2024-09-20;2
341;2025-02-10;2
342;2024-08-20;2
343;2024-04-29;2
344;2025-05-03;2
345;2024-10-22;2
346;2024-10-18;2
347;2024-02-02;2
348;2024-07-16;2
349;2025-10-27;2
350;2025-08-20;2
351;2025-07-15;2
352;2025-09-18;2
353;2025-01-13;2
354;2024-12-09;2
355;2024-08-07;2
356;2025-12-02;2
357;2024-10-29;2
358;2024-05-29;2
359;2025-11-21;2
360;2025-03-29;2
361;2024-10-01;3
362;2025-05-03;3
363;2024-11-04;3
364;2025-09-22;3
365;2025-06-24;3
366;2025-10-19;3
367;2025-02-08;3
368;2025-08-09;3
369;2025-11-04;3
370;2025-11-09;3
371;2025-07-09;3
372;2024-02-05;3
373;2025-04-11;3
374;2025-05-16;3
375;2025-04-21;3
376;2024-04-05;3
377;2024-02-08;3
378;2024-02-09;3
379;2024-11-23;3
380;2025-07-01;3
381;2024-12-27;3
382;2024-06-11;3
383;2025-02-23;3
384;2025-02-26;3
385;2024-07-11;3
386;2024-02-20;3
387;2025-08-10;3
388;2024-04-14;3
389;2025-09-28;3
390;2024-07-10;3
391;2025-12-12;3
392;2026-01-02;3
393;2025-07-10;3
394;2025-07-23;3
395;2024-04-04;3
396;2024-09-15;3
397;2024-08-14;3
398;2024-08-01;3
399;2024-05-13;3
400;2024-02-09;3
401;2024-06-15;3
402;2026-01-18;3
403;2024-01-05;3
404;2025-12-09;3
405;2025-05-08;3
406;2025-09-14;3
407;2026-01-26;3
408;2025-04-18;3
409;2024-05-02;3
410;2025-06-24;3
411;2025-03-02;3
412;2026-01-31;3
413;2024-05-25;3
414;2025-12-03;3
415;2025-10-27;3
416;2024-02-08;3
417;2025-05-27;3
418;2025-01-16;3
419;2024-11-27;3
420;2025-03-31;3
421;2025-08-30;3
422;2025-05-04;3
423;2024-05-16;3
424;2025-01-24;3
425;2026-01-29;3
426;2025-04-25;3
427;2024-01-11;3
428;2024-11-09;3
429;2024-02-22;3
430;2024-12-06;3
431;2025-11-07;3
432;2025-10-20;3
433;2025-09-06;3
434;2024-11-05;3
435;2024-06-20;3
436;2024-05-22;3
437;2024-12-27;3
438;2025-09-14;3
439;2025-03-08;3
440;2024-01-18;3
441;2024-01-25;3
442;2024-03-04;3
443;2024-07-18;3
444;2024-08-20;3
445;2025-05-28;3
446;2024-05-24;3
447;2025-07-03;3
448;2024-06-30;3
449;2025-01-09;3
450;2024-06-24;3
451;2025-09-10;3
452;2024-02-16;3
453;2024-10-08;3
454;2024-03-09;3
455;2024-06-22;3
456;2025-06-27;3
457;2024-12-08;3
458;2026-01-18;3
459;2025-07-02;3
460;2025-11-22;3
461;2024-10-31;3
462;2025-08-31;3
463;2025-11-19;3
464;2025-12-06;3
465;2024-02-09;3
466;2025-05-06;3
467;2025-03-16;3
468;2024-06-21;3
469;2025-05-13;3
470;2025-04-09;3
471;2024-12-15;3
472;2025-10-02;3
473;2024-12-17;3
474;2025-02-28;3
475;2025-11-08;3
476;2025-03-25;3
477;2024-08-14;3
478;2024-09-19;3
479;2024-02-05;3
480;2025-01-26;3
481;2024-08-03;3
482;2024-01-26;3
483;2025-04-17;3
484;2025-02-08;3
485;2024-01-20;3
486;2024-06-17;3
487;2025-09-25;3
488;2025-12-20;3
489;2024-05-01;3
490;2025-09-19;3
491;2025-11-01;3
492;2024-05-23;3
493;2025-07-21;3
494;2025-05-12;3
495;2024-01-21;3
496;2025-02-26;3
497;2025-06-14;3
498;2024-08-25;3
499;2025-06-21;3
500;2025-01-05;3
501;2025-07-18;3
502;2025-10-16;3
503;2025-08-21;3
504;2024-10-14;3
505;2025-08-17;3
506;2024-01-23;3
507;2024-08-09;3
508;2024-03-12;3
509;2025-02-26;3
510;2025-09-27;3
511;2025-04-02;3
512;2025-11-02;3
513;2025-05-19;3
514;2024-02-12;3
515;2025-10-07;3
516;2025-05-07;3
517;2024-01-13;3
518;2025-03-19;3
519;2025-08-24;3
520;2025-09-15;3
521;2024-04-27;3
522;2024-02-12;3
523;2025-05-28;3
524;2024-09-13;3
525;2024-10-28;3
526;2025-04-19;3
527;2024-02-15;3
528;2024-10-08;3
529;2025-07-28;3
530;2024-06-21;3
531;2025-11-06;3
532;2025-11-06;3
533;2025-03-22;3
534;2024-06-15;3
535;2025-12-04;3
536;2024-06-12;3
537;2025-01-24;3
538;2025-04-07;3
539;2026-01-24;3
540;2024-05-12;3
541;2025-08-30;4
542;2025-10-06;4
543;2025-11-22;4
544;2024-06-24;4
545;2024-07-15;4
546;2025-08-01;4
547;2024-05-26;4
548;2024-09-01;4
549;2024-06-07;4
550;2025-06-29;4
551;2024-04-23;4
552;2024-01-06;4
553;2024-10-15;4
554;2024-07-05;4
555;2025-01-04;4
556;2024-10-23;4
557;2025-12-26;4
558;2025-02-03;4
559;2025-06-05;4
560;2025-12-03;4
561;2025-03-10;4
562;2025-05-12;4
563;2025-06-15;4
564;2025-10-22;4
565;2025-03-09;4
566;2024-02-03;4
567;2024-12-05;4
568;2025-03-13;4
569;2025-12-12;4
570;2025-01-18;4
571;2025-01-24;4
572;2024-08-09;4
573;2025-01-07;4
574;2024-10-15;4
575;2024-07-01;4
576;2024-03-31;4
577;2024-05-05;4
578;2024-08-15;4
579;2024-10-26;4
580;2024-02-20;4
581;2025-01-12;4
582;2024-11-19;4
583;2024-04-28;4
584;2024-04-02;4
585;2024-10-05;4
586;2025-11-22;4
587;2024-04-21;4
588;2025-05-28;4
589;2025-05-09;4
590;2025-12-01;4
591;2025-02-26;4
592;2024-01-29;4
593;2024-11-01;4
594;2025-04-21;4
595;2024-07-04;4
596;2024-01-04;4
597;2025-02-01;4
598;2025-06-04;4
599;2024-01-07;4
600;2025-11-17;4
601;2025-12-16;4
602;2024-12-02;4
603;2025-06-10;4
604;2025-05-25;4
605;2025-02-25;4
606;2025-05-13;4
607;2024-11-25;4
608;2024-09-08;4
609;2025-12-27;4
610;2025-12-16;4
611;2024-03-25;4
612;2025-07-30;4
613;2025-05-19;4
614;2025-09-02;4
615;2025-10-19;4
616;2025-12-23;4
617;2024-11-20;4
618;2025-02-17;4
619;2025-12-27;4
620;2024-10-26;4
621;2025-06-08;4
622;2024-05-17;4
623;2024-08-25;4
624;2025-09-07;4
625;2024-07-30;4
626;2024-12-22;4
627;2025-08-31;4
628;2024-08-04;4
629;2025-07-04;4
630;2025-03-24;4
631;2025-11-18;4
632;2025-07-02;4
633;2025-03-18;4
634;2024-12-06;4
635;2026-01-17;4
636;2024-12-19;4
637;2024-03-18;4
638;2025-02-28;4
639;2024-04-29;4
640;2025-10-02;4
641;2025-08-12;4
642;2024-02-27;4
643;2024-11-22;4
644;2024-08-23;4
645;2024-11-03;4
646;2025-01-14;4
647;2024-01-13;4
648;2025-01-23;4
649;2024-04-26;4
650;2025-04-20;4
651;2024-11-11;4
652;2024-12-06;4
653;2024-04-08;4
654;2025-06-05;4
655;2024-08-09;4
656;2025-03-25;4
657;2024-03-22;4
658;2025-12-12;4
659;2024-05-31;4
660;2024-07-06;4
661;2024-12-30;4
662;2024-11-12;4
663;2024-09-07;4
664;2025-01-29;4
665;2025-08-06;4
666;2025-11-12;4
667;2026-01-30;4
668;2025-06-24;4
669;2024-06-12;4
670;2024-03-02;4
671;2025-01-20;4
672;2024-12-18;4
673;2024-01-15;4
674;2025-08-01;4
675;2024-02-09;4
676;2025-11-25;4
677;2024-01-26;4
678;2024-02-01;4
679;2024-11-27;4
680;2026-01-18;4
681;2025-03-20;4
682;2025-02-04;4
683;2024-12-27;4
684;2025-01-24;4
685;2025-04-05;4
686;2024-07-30;4
687;2024-08-21;4
688;2025-09-03;4
689;2025-02-01;4
690;2025-06-17;4
691;2024-01-21;4
692;2024-11-10;4
693;2025-01-30;4
694;2025-10-08;4
695;2024-03-05;4
696;2024-03-30;4
697;2024-04-14;4
698;2025-01-05;4
699;2025-06-21;4
700;2024-07-03;4
701;2024-09-26;4
702;2025-01-10;4
703;2025-08-12;4
704;2025-08-05;4
705;2025-01-17;4
706;2024-03-23;4
707;2025-07-22;4
708;2025-07-24;4
709;2024-10-14;4
710;2024-05-20;4
711;2025-01-26;4
712;2024-08-20;4
713;2024-11-14;4
714;2024-12-07;4
715;2024-05-04;4
716;2025-02-28;4
717;2025-06-26;4
718;2024-11-08;4
719;2025-09-20;4
720;2024-10-19;4
721;2024-12-24;5
722;2024-04-25;5
723;2025-08-17;5
724;2025-04-22;5
725;2024-11-11;5
726;2024-08-04;5
727;2025-03-14;5
728;2024-10-05;5
729;2024-04-07;5
730;2025-06-26;5
731;2024-02-06;5
732;2025-09-28;5
733;2025-07-01;5
734;2025-08-25;5
735;2024-04-30;5
736;2025-12-26;5
737;2025-04-30;5
738;2025-12-12;5
739;2025-05-24;5
740;2025-01-15;5
741;2025-09-26;5
742;2025-07-03;5
743;2024-03-17;5
744;2025-04-24;5
745;2025-02-27;5
746;2024-04-30;5
747;2024-12-13;5
748;2025-02-21;5
749;2024-03-18;5
750;2025-02-27;5
751;2026-01-04;5
752;2025-10-05;5
753;2025-05-04;5
754;2024-08-13;5
755;2024-09-21;5
756;2025-03-03;5
757;2026-01-26;5
758;2025-10-26;5
759;2025-06-13;5
760;2025-05-06;5
761;2024-05-25;5
762;2025-04-11;5
763;2024-04-24;5
764;2024-03-29;5
765;2024-12-12;5
766;2025-04-02;5
767;2025-05-13;5
768;2024-06-17;5
769;2025-07-27;5
770;2025-04-23;5
771;2025-03-15;5
772;2025-09-28;5
773;2025-11-23;5
774;2024-11-19;5
775;2025-04-26;5
776;2025-04-15;5
777;2024-10-24;5
778;2025-02-10;5
779;2024-02-02;5
780;2024-05-08;5
781;2024-07-19;5
782;2024-02-13;5
783;2025-02-18;5
784;2025-07-29;5
785;2025-02-20;5
786;2025-01-23;5
787;2024-09-04;5
788;2024-05-19;5
789;2025-06-27;5
790;2024-04-13;5
791;2025-02-16;5
792;2024-09-18;5
793;2024-07-10;5
794;2024-09-26;5
795;2025-02-01;5
796;2025-12-23;5
797;2025-11-02;5
798;2024-04-16;5
799;2025-11-18;5
800;2024-06-20;5
801;2025-04-23;5
802;2024-05-28;5
803;2024-12-18;5
804;2024-11-17;5
805;2024-08-09;5
806;2024-09-21;5
807;2024-02-14;5
808;2024-10-02;5
809;2025-06-22;5
810;2024-09-09;5
811;2024-03-17;5
812;2024-08-02;5
813;2024-08-14;5
814;2025-04-07;5
815;2025-02-16;5
816;2024-04-12;5
817;2026-01-22;5
818;2024-02-29;5
819;2025-03-16;5
820;2024-07-01;5
821;2024-08-16;5
822;2026-01-23;5
823;2025-09-25;5
824;2024-04-14;5
825;2025-05-19;5
826;2025-12-17;5
827;2024-01-04;5
828;2025-05-18;5
829;2024-10-31;5
830;2025-01-21;5
831;2025-04-08;5
832;2024-11-03;5
833;2024-09-06;5
834;2025-10-15;5
835;2025-11-19;5
836;2024-06-19;5
837;2025-07-05;5
838;2025-06-09;5
839;2024-11-25;5
840;2024-05-26;5
841;2025-02-09;5
842;2025-07-06;5
843;2024-05-20;5
844;2024-01-15;5
845;2024-10-24;5
846;2025-08-19;5
847;2025-12-15;5
848;2024-01-07;5
849;2025-03-08;5
850;2026-01-15;5
851;2025-02-04;5
852;2024-11-23;5
853;2024-01-22;5
854;2026-01-30;5
855;2024-07-28;5
856;2025-02-03;5
857;2024-09-27;5
858;2024-08-12;5
859;2025-05-13;5
860;2025-06-26;5
861;2024-12-15;5
862;2025-07-19;5
863;2026-01-28;5
864;2024-12-13;5
865;2024-09-19;5
866;2025-08-04;5
867;2025-02-11;5
868;2024-11-21;5
869;2024-12-17;5
870;2026-01-25;5
871;2025-03-12;5
872;2024-12-12;5
873;2024-01-19;5
874;2025-12-23;5
875;2025-03-24;5
876;2025-08-09;5
877;2024-04-29;5
878;2025-09-05;5
879;2026-01-18;5
880;2025-02-21;5
881;2025-08-27;5
882;2024-11-06;5
883;2024-11-18;5
884;2024-02-19;5
885;2026-01-20;5
886;2024-11-04;5
887;2025-04-08;5
888;2025-02-03;5
889;2024-07-24;5
890;2024-10-07;5
891;2025-12-13;5
892;2025-02-20;5
893;2024-07-05;5
894;2024-11-28;5
895;2025-02-22;5
896;2024-06-26;5
897;2024-07-27;5
898;2025-04-23;5
899;2025-08-11;5
900;2024-01-20;5
901;2025-01-01;6
902;2025-07-30;6
903;2024-10-27;6
904;2025-12-27;6
905;2025-08-07;6
906;2025-05-31;6
907;2024-02-13;6
908;2024-07-23;6
909;2025-12-03;6
910;2024-02-23;6
911;2024-05-23;6
912;2025-02-11;6
913;2024-04-15;6
914;2025-04-04;6
915;2024-02-29;6
916;2025-06-09;6
917;2024-04-15;6
918;2024-08-13;6
919;2025-08-15;6
920;2025-09-01;6
921;2024-04-29;6
922;2024-05-04;6
923;2025-07-06;6
924;2024-02-25;6
925;2024-08-22;6
926;2024-09-17;6
927;2024-02-02;6
928;2025-11-03;6
929;2024-08-30;6
930;2024-01-31;6
931;2025-05-20;6
932;2024-11-25;6
933;2024-09-01;6
934;2025-01-11;6
935;2025-10-22;6
936;2025-06-27;6
937;2024-04-09;6
938;2025-03-07;6
939;2024-06-20;6
940;2024-04-24;6
941;2024-05-31;6
942;2024-10-30;6
943;2024-04-13;6
944;2024-07-30;6
945;2026-01-01;6
946;2024-11-21;6
947;2024-09-19;6
948;2025-12-25;6
949;2025-11-13;6
950;2024-02-18;6
951;2024-02-10;6
952;2025-04-12;6
953;2025-04-11;6
954;2024-10-22;6
955;2026-01-18;6
956;2024-10-22;6
957;2025-03-06;6
958;2024-06-19;6
959;2024-10-07;6
960;2025-02-10;6
961;2025-12-21;6
962;2025-07-17;6
963;2025-10-20;6
964;2024-01-27;6
965;2026-01-29;6
966;2024-02-19;6
967;2025-03-09;6
968;2025-01-15;6
969;2025-01-15;6
970;2024-05-07;6
971;2025-01-09;6
972;2024-07-29;6
973;2025-01-16;6
974;2025-10-29;6
975;2026-01-07;6
976;2024-02-27;6
977;2025-12-23;6
978;2024-12-09;6
979;2024-11-02;6
980;2025-05-14;6
981;2024-04-15;6
982;2025-09-08;6
983;2025-09-29;6
984;2025-01-03;6
985;2025-03-25;6
986;2024-02-29;6
987;2024-11-06;6
988;2025-11-15;6
989;2025-03-05;6
990;2024-01-31;6
991;2025-10-09;6
992;2024-03-12;6
993;2025-06-18;6
994;2025-11-03;6
995;2025-12-20;6
996;2024-12-08;6
997;2024-04-12;6
998;2025-08-09;6
999;2024-11-09;6
1000;2024-11-06;6
1001;2024-12-26;6
1002;2024-04-17;6
1003;2025-04-11;6
1004;2026-01-22;6
1005;2025-10-05;6
1006;2024-05-23;6
1007;2025-06-19;6
1008;2024-10-16;6
1009;2025-11-28;6
1010;2024-04-27;6
1011;2025-07-24;6
1012;2025-07-03;6
1013;2025-01-04;6
1014;2024-08-10;6
1015;2024-05-23;6
1016;2024-03-16;6
1017;2025-12-27;6
1018;2024-02-19;6
1019;2025-12-15;6
1020;2025-08-11;6
1021;2025-08-19;6
1022;2025-06-26;6
1023;2024-09-07;6
1024;2026-01-29;6
1025;2025-09-05;6
1026;2025-02-20;6
1027;2024-05-17;6
1028;2024-12-30;6
1029;2024-08-20;6
1030;2024-12-30;6
1031;2024-09-25;6
1032;2025-12-11;6
1033;2025-01-15;6
1034;2025-10-27;6
1035;2025-07-21;6
1036;2024-04-28;6
1037;2024-08-25;6
1038;2025-08-16;6
1039;2025-09-17;6
1040;2025-06-12;6
1041;2025-08-31;6
1042;2025-02-08;6
1043;2024-10-13;6
1044;2025-01-26;6
1045;2025-03-02;6
1046;2024-06-21;6
1047;2025-02-14;6
1048;2024-08-17;6
1049;2026-01-30;6
1050;2024-02-06;6
1051;2025-11-30;6
1052;2024-09-06;6
1053;2025-12-25;6
1054;2025-03-19;6
1055;2025-05-13;6
1056;2025-11-11;6
1057;2025-04-29;6
1058;2025-09-06;6
1059;2025-10-09;6
1060;2025-05-11;6
1061;2025-08-13;6
1062;2024-05-09;6
1063;2024-01-18;6
1064;2024-07-28;6
1065;2024-11-20;6
1066;2024-06-25;6
1067;2024-02-04;6
1068;2024-11-06;6
1069;2024-03-03;6
1070;2024-08-30;6
1071;2025-10-04;6
1072;2024-06-26;6
1073;2024-02-12;6
1074;2024-11-16;6
1075;2024-02-28;6
1076;2024-03-21;6
1077;2024-04-28;6
1078;2024-06-03;6
1079;2024-03-08;6
1080;2024-12-02;6
1081;2024-03-20;7
1082;2024-10-03;7
1083;2024-01-16;7
1084;2024-09-10;7
1085;2025-06-19;7
1086;2024-08-12;7
1087;2025-12-19;7
1088;2025-10-24;7
1089;2025-04-08;7
1090;2026-01-13;7
1091;2024-12-26;7
1092;2025-06-19;7
1093;2025-05-17;7
1094;2025-11-11;7
1095;2024-02-13;7
1096;2024-11-27;7
1097;2025-07-20;7
1098;2024-01-20;7
1099;2025-10-26;7
1100;2025-09-22;7
1101;2024-04-24;7
1102;2024-01-10;7
1103;2025-12-21;7
1104;2026-01-15;7
1105;2025-09-29;7
1106;2025-05-13;7
1107;2025-01-29;7
1108;2025-03-09;7
1109;2025-01-06;7
1110;2024-12-19;7
1111;2025-07-14;7
1112;2025-12-21;7
1113;2025-06-07;7
1114;2024-05-24;7
1115;2025-04-12;7
1116;2024-10-22;7
1117;2025-08-08;7
1118;2024-08-16;7
1119;2025-09-02;7
1120;2024-05-30;7
1121;2024-08-19;7
1122;2025-05-16;7
1123;2024-01-26;7
1124;2024-11-23;7
1125;2025-05-30;7
1126;2024-12-09;7
1127;2025-05-25;7
1128;2025-06-01;7
1129;2025-12-02;7
1130;2024-03-17;7
1131;2025-12-25;7
1132;2025-09-08;7
1133;2025-09-28;7
1134;2024-05-24;7
1135;2024-04-06;7
1136;2024-03-19;7
1137;2025-07-29;7
1138;2024-08-08;7
1139;2025-05-28;7
1140;2024-04-21;7
1141;2024-03-03;7
1142;2025-01-10;7
1143;2025-09-23;7
1144;2024-04-17;7
1145;2024-11-11;7
1146;2025-10-20;7
1147;2025-03-01;7
1148;2024-02-08;7
1149;2025-11-03;7
1150;2026-01-14;7
1151;2024-04-26;7
1152;2025-01-20;7
1153;2025-04-18;7
1154;2024-04-15;7
1155;2024-10-28;7
1156;2024-04-22;7
1157;2024-03-01;7
1158;2025-07-31;7
1159;2024-10-19;7
1160;2024-06-08;7
1161;2025-04-29;7
1162;2024-03-12;7
1163;2025-05-22;7
1164;2024-04-12;7
1165;2024-08-19;7
1166;2024-11-24;7
1167;2024-08-23;7
1168;2025-02-19;7
1169;2025-04-15;7
1170;2025-07-29;7
1171;2026-01-02;7
1172;2025-08-03;7
1173;2024-10-29;7
1174;2025-06-05;7
1175;2024-12-02;7
1176;2025-06-24;7
1177;2025-04-20;7
1178;2025-10-16;7
1179;2024-01-25;7
1180;2024-10-17;7
1181;2025-03-27;7
1182;2025-06-13;7
1183;2024-07-26;7
1184;2024-12-11;7
1185;2024-09-06;7
1186;2024-08-22;7
1187;2025-11-02;7
1188;2024-03-16;7
1189;2025-12-01;7
1190;2025-04-13;7
1191;2024-02-28;7
1192;2025-07-01;7
1193;2025-01-16;7
1194;2026-01-04;7
1195;2025-06-16;7
1196;2024-10-13;7
1197;2025-12-17;7
1198;2025-06-26;7
1199;2024-11-15;7
1200;2024-02-17;7
1201;2025-08-30;7
1202;2025-07-15;7
1203;2024-11-22;7
1204;2025-10-19;7
1205;2024-03-04;7
1206;2025-02-28;7
1207;2024-08-13;7
1208;2025-07-01;7
1209;2025-09-20;7
1210;2025-06-03;7
1211;2024-05-04;7
1212;2024-08-10;7
1213;2024-11-17;7
1214;2024-09-25;7
1215;2025-05-30;7
1216;2025-05-22;7
1217;2024-10-26;7
1218;2024-09-22;7
1219;2024-09-22;7
1220;2025-05-07;7
1221;2025-03-04;7
1222;2026-01-10;7
1223;2024-12-12;7
1224;2024-08-24;7
1225;2025-06-16;7
1226;2024-09-28;7
1227;2025-04-11;7
1228;2024-06-14;7
1229;2024-02-20;7
1230;2024-06-30;7
1231;2025-12-13;7
1232;2024-01-15;7
1233;2025-05-25;7
1234;2024-11-10;7
1235;2024-01-25;7
1236;2025-05-02;7
1237;2024-03-23;7
1238;2025-01-06;7
1239;2025-04-15;7
1240;2024-06-30;7
1241;2025-06-07;7
1242;2025-05-24;7
1243;2025-02-10;7
1244;2024-10-27;7
1245;2025-12-05;7
1246;2024-10-06;7
1247;2024-03-30;7
1248;2024-01-15;7
1249;2024-04-25;7
1250;2025-01-30;7
1251;2026-01-29;7
1252;2024-07-29;7
1253;2025-04-16;7
1254;2025-07-05;7
1255;2025-05-16;7
1256;2024-08-23;7
1257;2024-09-13;7
1258;2025-05-08;7
1259;2025-02-19;7
1260;2024-12-02;7
1261;2025-02-20;8
1262;2024-07-27;8
1263;2024-11-07;8
1264;2024-08-03;8
1265;2025-04-14;8
1266;2024-08-18;8
1267;2025-12-04;8
1268;2025-08-21;8
1269;2024-09-25;8
1270;2024-01-04;8
1271;2024-08-27;8
1272;2024-03-05;8
1273;2024-03-29;8
1274;2025-02-14;8
1275;2025-10-27;8
1276;2026-01-03;8
1277;2025-01-13;8
1278;2025-11-30;8
1279;2025-10-10;8
1280;2024-12-25;8
1281;2024-01-07;8
1282;2024-07-06;8
1283;2024-12-28;8
1284;2025-07-28;8
1285;2025-12-24;8
1286;2025-05-11;8
1287;2025-08-25;8
1288;2025-01-31;8
1289;2026-01-06;8
1290;2025-12-27;8
1291;2024-01-07;8
1292;2024-02-12;8
1293;2024-09-29;8
1294;2024-03-21;8
1295;2024-05-08;8
1296;2025-11-22;8
1297;2024-12-12;8
1298;2025-02-28;8
1299;2024-07-23;8
1300;2025-10-21;8
1301;2024-10-18;8
1302;2024-04-15;8
1303;2024-12-26;8
1304;2025-03-12;8
1305;2025-05-05;8
1306;2025-08-25;8
1307;2026-01-06;8
1308;2025-02-02;8
1309;2025-12-27;8
1310;2025-02-14;8
1311;2024-03-03;8
1312;2024-05-09;8
1313;2025-12-21;8
1314;2024-05-17;8
1315;2025-08-11;8
1316;2024-01-21;8
1317;2024-06-29;8
1318;2026-01-04;8
1319;2025-07-22;8
1320;2024-02-15;8
1321;2025-03-30;8
1322;2024-10-11;8
1323;2025-10-09;8
1324;2024-03-07;8
1325;2025-11-29;8
1326;2024-03-24;8
1327;2025-12-18;8
1328;2025-02-16;8
1329;2024-10-15;8
1330;2024-11-23;8
1331;2025-08-05;8
1332;2025-03-23;8
1333;2025-02-28;8
1334;2025-07-28;8
1335;2024-12-31;8
1336;2025-11-03;8
1337;2024-10-19;8
1338;2025-09-10;8
1339;2025-02-04;8
1340;2025-11-21;8
1341;2024-01-14;8
1342;2024-03-18;8
1343;2024-12-04;8
1344;2025-07-19;8
1345;2025-05-08;8
1346;2025-10-29;8
1347;2025-08-14;8
1348;2024-05-05;8
1349;2024-12-08;8
1350;2024-02-02;8
1351;2025-11-03;8
1352;2024-12-08;8
1353;2025-05-05;8
1354;2025-03-28;8
1355;2024-02-21;8
1356;2025-05-13;8
1357;2025-03-29;8
1358;2025-04-03;8
1359;2024-08-23;8
1360;2024-03-27;8
1361;2025-01-03;8
1362;2025-02-16;8
1363;2025-11-07;8
1364;2025-08-06;8
1365;2025-11-01;8
1366;2024-01-19;8
1367;2024-04-17;8
1368;2025-05-26;8
1369;2025-10-03;8
1370;2025-12-07;8
1371;2024-02-01;8
1372;2025-06-28;8
1373;2024-09-09;8
1374;2024-06-18;8
1375;2025-01-27;8
1376;2024-05-08;8
1377;2026-01-30;8
1378;2025-04-24;8
1379;2025-12-02;8
1380;2024-06-23;8
1381;2024-12-28;8
1382;2024-03-29;8
1383;2025-11-22;8
1384;2025-07-06;8
1385;2024-10-08;8
1386;2026-01-30;8
1387;2024-09-24;8
1388;2024-12-01;8
1389;2026-01-12;8
1390;2024-05-10;8
1391;2025-03-09;8
1392;2024-08-11;8
1393;2025-06-19;8
1394;2025-10-29;8
1395;2024-10-24;8
1396;2024-02-28;8
1397;2025-09-27;8
1398;2025-08-10;8
1399;2025-02-10;8
1400;2025-03-06;8
1401;2025-08-19;8
1402;2024-02-22;8
1403;2024-05-08;8
1404;2024-03-20;8
1405;2025-11-08;8
1406;2025-04-14;8
1407;2025-07-20;8
1408;2025-12-28;8
1409;2024-12-24;8
1410;2025-09-23;8
1411;2024-04-25;8
1412;2024-09-12;8
1413;2024-05-21;8
1414;2025-03-26;8
1415;2024-06-03;8
1416;2025-11-14;8
1417;2025-01-29;8
1418;2025-11-24;8
1419;2025-06-12;8
1420;2025-09-12;8
1421;2024-08-14;8
1422;2024-06-02;8
1423;2024-08-08;8
1424;2026-01-25;8
1425;2025-03-09;8
1426;2024-10-24;8
1427;2025-03-04;8
1428;2024-04-18;8
1429;2025-10-17;8
1430;2024-07-26;8
1431;2024-07-26;8
1432;2025-10-23;8
1433;2025-01-29;8
1434;2024-03-07;8
1435;2025-02-25;8
1436;2025-05-07;8
1437;2025-09-06;8
1438;2025-10-19;8
1439;2024-11-30;8
1440;2025-04-23;8
1441;2025-09-05;9
1442;2025-05-20;9
1443;2024-03-08;9
1444;2024-11-30;9
1445;2025-02-14;9
1446;2024-08-19;9
1447;2024-12-02;9
1448;2024-08-28;9
1449;2025-01-23;9
1450;2025-02-25;9
1451;2025-12-31;9
1452;2024-01-04;9
1453;2025-02-08;9
1454;2024-09-12;9
1455;2025-12-05;9
1456;2025-10-28;9
1457;2025-08-26;9
1458;2024-06-17;9
1459;2025-06-18;9
1460;2024-07-08;9
1461;2025-09-22;9
1462;2024-03-30;9
1463;2024-12-08;9
1464;2026-01-02;9
1465;2025-06-22;9
1466;2025-12-30;9
1467;2025-10-13;9
1468;2025-04-15;9
1469;2025-08-19;9
1470;2025-04-21;9
1471;2025-02-19;9
1472;2025-06-13;9
1473;2025-05-28;9
1474;2025-10-06;9
1475;2024-02-02;9
1476;2024-11-08;9
1477;2025-07-30;9
1478;2024-06-01;9
1479;2026-01-25;9
1480;2025-07-18;9
1481;2025-10-31;9
1482;2025-04-29;9
1483;2025-03-31;9
1484;2024-08-26;9
1485;2024-09-30;9
1486;2024-06-14;9
1487;2024-05-14;9
1488;2025-01-16;9
1489;2024-10-03;9
1490;2025-10-04;9
1491;2024-05-14;9
1492;2025-04-07;9
1493;2025-02-18;9
1494;2024-09-06;9
1495;2024-11-26;9
1496;2025-01-21;9
1497;2024-12-01;9
1498;2025-09-18;9
1499;2025-09-24;9
1500;2024-03-26;9
1501;2024-10-10;9
1502;2025-01-06;9
1503;2025-03-20;9
1504;2024-05-15;9
1505;2025-08-28;9
1506;2024-12-04;9
1507;2026-01-03;9
1508;2025-04-17;9
1509;2024-10-05;9
1510;2024-09-26;9
1511;2024-07-07;9
1512;2024-03-27;9
1513;2025-09-02;9
1514;2025-08-25;9
1515;2025-01-27;9
1516;2025-09-16;9
1517;2024-12-22;9
1518;2024-10-05;9
1519;2024-05-09;9
1520;2025-09-16;9
1521;2024-11-09;9
1522;2024-10-30;9
1523;2025-08-06;9
1524;2024-11-29;9
1525;2024-03-16;9
1526;2025-09-15;9
1527;2024-08-04;9
1528;2024-03-29;9
1529;2025-02-07;9
1530;2025-03-20;9
1531;2024-12-26;9
1532;2025-09-28;9
1533;2024-12-22;9
1534;2024-05-08;9
1535;2025-10-19;9
1536;2025-09-03;9
1537;2025-09-13;9
1538;2024-09-22;9
1539;2025-10-13;9
1540;2024-05-06;9
1541;2024-12-13;9
1542;2024-03-12;9
1543;2025-09-04;9
1544;2024-08-10;9
1545;2024-08-15;9
1546;2025-12-04;9
1547;2025-04-21;9
1548;2026-01-22;9
1549;2025-04-25;9
1550;2024-12-17;9
1551;2024-10-23;9
1552;2025-08-09;9
1553;2024-08-24;9
1554;2024-06-01;9
1555;2024-12-13;9
1556;2025-01-07;9
1557;2024-05-24;9
1558;2024-12-02;9
1559;2025-01-31;9
1560;2024-08-11;9
1561;2025-01-17;9
1562;2025-07-20;9
1563;2025-10-27;9
1564;2025-03-26;9
1565;2024-12-07;9
1566;2025-09-29;9
1567;2025-04-23;9
1568;2025-07-01;9
1569;2025-04-16;9
1570;2024-08-25;9
1571;2025-07-31;9
1572;2025-02-09;9
1573;2024-09-19;9
1574;2025-03-10;9
1575;2025-04-07;9
1576;2025-02-15;9
1577;2025-01-05;9
1578;2024-03-24;9
1579;2024-12-23;9
1580;2024-03-19;9
1581;2024-06-29;9
1582;2025-10-16;9
1583;2025-06-24;9
1584;2024-11-17;9
1585;2025-12-29;9
1586;2025-08-17;9
1587;2025-07-27;9
1588;2025-06-24;9
1589;2025-10-06;9
1590;2025-07-04;9
1591;2024-11-30;9
1592;2025-08-27;9
1593;2024-06-17;9
1594;2025-09-06;9
1595;2025-03-08;9
1596;2024-06-16;9
1597;2024-04-24;9
1598;2024-10-06;9
1599;2025-10-05;9
1600;2025-11-14;9
1601;2025-04-30;9
1602;2025-03-17;9
1603;2024-02-07;9
1604;2024-12-13;9
1605;2025-06-04;9
1606;2025-11-26;9
1607;2024-01-12;9
1608;2025-03-27;9
1609;2024-03-12;9
1610;2024-05-30;9
1611;2024-12-09;9
1612;2024-12-19;9
1613;2024-09-17;9
1614;2025-10-12;9
1615;2024-11-07;9
1616;2024-04-22;9
1617;2025-11-05;9
1618;2025-07-15;9
1619;2025-05-18;9
1620;2024-12-04;9
1621;2024-12-08;10
1622;2026-01-14;10
1623;2025-07-13;10
1624;2026-01-27;10
1625;2025-12-27;10
1626;2025-07-19;10
1627;2024-10-03;10
1628;2024-10-27;10
1629;2025-09-04;10
1630;2024-04-27;10
1631;2024-12-12;10
1632;2025-11-13;10
1633;2025-04-07;10
1634;2024-02-16;10
1635;2024-12-06;10
1636;2025-06-27;10
1637;2024-09-18;10
1638;2026-01-09;10
1639;2025-07-12;10
1640;2025-03-02;10
1641;2024-01-05;10
1642;2024-08-26;10
1643;2025-12-27;10
1644;2025-04-11;10
1645;2025-02-13;10
1646;2024-06-05;10
1647;2024-02-03;10
1648;2024-12-05;10
1649;2024-07-02;10
1650;2025-07-02;10
1651;2025-12-17;10
1652;2025-01-04;10
1653;2025-04-14;10
1654;2025-02-08;10
1655;2024-12-26;10
1656;2024-06-10;10
1657;2025-09-23;10
1658;2024-01-22;10
1659;2024-01-30;10
1660;2025-02-13;10
1661;2025-10-26;10
1662;2024-02-15;10
1663;2025-09-02;10
1664;2024-12-24;10
1665;2024-09-01;10
1666;2025-05-01;10
1667;2024-12-17;10
1668;2024-03-01;10
1669;2024-07-08;10
1670;2025-07-09;10
1671;2024-08-23;10
1672;2024-03-10;10
1673;2024-01-07;10
1674;2024-10-09;10
1675;2024-05-20;10
1676;2026-01-22;10
1677;2024-01-29;10
1678;2025-09-03;10
1679;2024-05-27;10
1680;2025-09-27;10
1681;2025-04-29;10
1682;2025-07-19;10
1683;2024-01-25;10
1684;2024-12-11;10
1685;2024-12-03;10
1686;2024-01-14;10
1687;2025-12-13;10
1688;2025-07-07;10
1689;2024-08-18;10
1690;2025-11-12;10
1691;2026-01-17;10
1692;2025-09-01;10
1693;2024-06-26;10
1694;2024-01-21;10
1695;2025-11-20;10
1696;2025-11-22;10
1697;2024-10-07;10
1698;2025-12-24;10
1699;2024-03-13;10
1700;2025-02-02;10
1701;2025-02-28;10
1702;2024-10-21;10
1703;2025-02-19;10
1704;2024-03-15;10
1705;2026-01-25;10
1706;2024-01-23;10
1707;2026-01-17;10
1708;2025-10-28;10
1709;2024-02-20;10
1710;2024-12-02;10
1711;2025-01-29;10
1712;2025-10-09;10
1713;2024-06-16;10
1714;2024-04-20;10
1715;2025-08-10;10
1716;2025-11-06;10
1717;2025-02-06;10
1718;2024-08-29;10
1719;2025-04-06;10
1720;2024-01-22;10
1721;2025-08-15;10
1722;2024-01-07;10
1723;2024-11-20;10
1724;2024-01-09;10
1725;2025-07-09;10
1726;2025-06-16;10
1727;2024-03-26;10
1728;2024-05-22;10
1729;2024-04-09;10
1730;2025-04-14;10
1731;2025-03-03;10
1732;2024-05-15;10
1733;2024-11-22;10
1734;2024-05-14;10
1735;2024-11-08;10
1736;2025-01-19;10
1737;2024-06-16;10
1738;2025-02-13;10
1739;2025-04-07;10
1740;2025-01-01;10
1741;2025-07-09;10
1742;2025-02-20;10
1743;2025-07-30;10
1744;2025-07-20;10
1745;2025-05-01;10
1746;2025-01-23;10
1747;2024-07-15;10
1748;2025-12-17;10
1749;2025-10-12;10
1750;2025-09-08;10
1751;2024-09-24;10
1752;2024-06-30;10
1753;2024-10-24;10
1754;2024-01-27;10
1755;2024-08-16;10
1756;2025-06-25;10
1757;2025-04-26;10
1758;2025-10-19;10
1759;2024-10-21;10
1760;2025-09-24;10
1761;2024-11-27;10
1762;2024-06-19;10
1763;2025-11-15;10
1764;2025-04-15;10
1765;2024-11-26;10
1766;2025-12-09;10
1767;2025-04-04;10
1768;2024-01-17;10
1769;2025-02-28;10
1770;2025-02-14;10
1771;2025-06-07;10
1772;2025-02-03;10
1773;2024-01-07;10
1774;2024-08-05;10
1775;2025-11-03;10
1776;2025-03-29;10
1777;2024-12-10;10
1778;2024-02-10;10
1779;2024-04-25;10
1780;2024-08-17;10
1781;2024-07-03;10
1782;2024-07-03;10
1783;2024-03-19;10
1784;2024-08-09;10
1785;2024-04-30;10
1786;2024-07-12;10
1787;2024-03-21;10
1788;2025-11-18;10
1789;2024-01-05;10
1790;2024-07-17;10
1791;2025-05-19;10
1792;2024-11-08;10
1793;2024-03-18;10
1794;2025-03-10;10
1795;2025-07-25;10
1796;2024-12-26;10
1797;2025-11-13;10
1798;2025-01-16;10
1799;2024-08-16;10
1800;2024-11-17;10
1801;2024-09-13;11
1802;2024-07-16;11
1803;2024-09-07;11
1804;2024-08-01;11
1805;2025-04-13;11
1806;2024-10-19;11
1807;2024-09-02;11
1808;2025-09-10;11
1809;2026-01-07;11
1810;2025-05-21;11
1811;2024-05-19;11
1812;2024-08-30;11
1813;2025-12-18;11
1814;2024-12-05;11
1815;2026-01-06;11
1816;2024-12-01;11
1817;2024-07-24;11
1818;2024-02-06;11
1819;2024-09-30;11
1820;2024-11-08;11
1821;2026-01-25;11
1822;2025-07-17;11
1823;2025-02-10;11
1824;2024-08-11;11
1825;2024-03-19;11
1826;2025-02-12;11
1827;2025-03-30;11
1828;2024-02-12;11
1829;2024-08-22;11
1830;2024-11-17;11
1831;2025-02-13;11
1832;2025-12-08;11
1833;2025-10-24;11
1834;2024-09-23;11
1835;2024-11-24;11
1836;2025-02-01;11
1837;2026-01-27;11
1838;2024-10-01;11
1839;2024-06-17;11
1840;2024-09-06;11
1841;2024-01-16;11
1842;2025-02-20;11
1843;2025-12-25;11
1844;2024-11-27;11
1845;2025-03-07;11
1846;2025-12-05;11
1847;2025-04-18;11
1848;2024-07-12;11
1849;2024-07-25;11
1850;2024-06-01;11
1851;2025-11-11;11
1852;2025-09-16;11
1853;2024-04-06;11
1854;2024-03-15;11
1855;2025-05-22;11
1856;2024-11-06;11
1857;2024-03-02;11
1858;2024-05-11;11
1859;2024-06-02;11
1860;2024-04-11;11
1861;2024-03-02;11
1862;2024-02-04;11
1863;2024-01-12;11
1864;2025-02-05;11
1865;2024-05-04;11
1866;2024-04-06;11
1867;2025-07-06;11
1868;2024-02-27;11
1869;2025-04-23;11
1870;2025-02-07;11
1871;2025-05-02;11
1872;2024-03-06;11
1873;2025-01-24;11
1874;2024-04-21;11
1875;2025-01-19;11
1876;2025-09-13;11
1877;2025-12-21;11
1878;2025-04-10;11
1879;2025-02-09;11
1880;2024-06-11;11
1881;2024-11-21;11
1882;2026-01-30;11
1883;2025-01-02;11
1884;2025-04-11;11
1885;2024-05-22;11
1886;2025-02-10;11
1887;2024-07-23;11
1888;2024-05-30;11
1889;2025-11-09;11
1890;2025-10-10;11
1891;2025-08-15;11
1892;2024-04-11;11
1893;2025-11-16;11
1894;2025-02-06;11
1895;2024-04-29;11
1896;2024-10-11;11
1897;2024-10-15;11
1898;2026-01-18;11
1899;2024-12-26;11
1900;2024-12-23;11
1901;2025-08-12;11
1902;2024-06-20;11
1903;2024-07-29;11
1904;2024-03-23;11
1905;2025-05-14;11
1906;2024-12-20;11
1907;2025-01-18;11
1908;2024-10-07;11
1909;2024-05-11;11
1910;2025-09-16;11
1911;2024-04-30;11
1912;2024-06-30;11
1913;2026-01-14;11
1914;2025-06-13;11
1915;2025-04-23;11
1916;2024-06-02;11
1917;2024-09-15;11
1918;2024-09-26;11
1919;2025-02-15;11
1920;2024-11-27;11
1921;2024-12-15;11
1922;2025-07-07;11
1923;2024-06-11;11
1924;2025-03-13;11
1925;2025-11-09;11
1926;2024-08-18;11
1927;2024-02-18;11
1928;2025-06-28;11
1929;2024-02-10;11
1930;2024-10-23;11
1931;2025-05-03;11
1932;2024-12-28;11
1933;2024-01-19;11
1934;2024-02-21;11
1935;2024-07-30;11
1936;2024-07-17;11
1937;2025-08-22;11
1938;2026-01-01;11
1939;2025-07-01;11
1940;2025-12-09;11
1941;2024-02-25;11
1942;2025-07-05;11
1943;2026-01-15;11
1944;2025-08-29;11
1945;2024-01-31;11
1946;2024-06-22;11
1947;2025-02-02;11
1948;2025-11-17;11
1949;2024-06-17;11
1950;2024-08-12;11
1951;2025-05-25;11
1952;2024-06-29;11
1953;2024-11-03;11
1954;2025-02-28;11
1955;2025-07-23;11
1956;2025-03-26;11
1957;2025-02-09;11
1958;2025-04-10;11
1959;2024-05-20;11
1960;2024-08-10;11
1961;2025-07-23;11
1962;2024-06-27;11
1963;2024-01-04;11
1964;2024-11-15;11
1965;2025-04-11;11
1966;2024-07-27;11
1967;2024-11-20;11
1968;2024-09-07;11
1969;2025-06-17;11
1970;2024-01-08;11
1971;2024-02-18;11
1972;2025-11-04;11
1973;2024-11-01;11
1974;2025-05-25;11
1975;2024-11-13;11
1976;2024-08-22;11
1977;2024-01-25;11
1978;2024-11-23;11
1979;2025-04-12;11
1980;2024-03-10;11
1981;2025-01-15;12
1982;2025-04-01;12
1983;2024-03-29;12
1984;2024-05-12;12
1985;2025-03-17;12
1986;2025-05-04;12
1987;2026-01-21;12
1988;2026-01-12;12
1989;2025-03-15;12
1990;2025-04-15;12
1991;2025-08-25;12
1992;2024-08-05;12
1993;2025-07-29;12
1994;2025-05-01;12
1995;2025-06-13;12
1996;2025-05-25;12
1997;2024-03-10;12
1998;2025-01-09;12
1999;2025-10-27;12
2000;2024-02-08;12
2001;2024-06-17;12
2002;2024-02-22;12
2003;2025-02-19;12
2004;2025-02-16;12
2005;2024-09-20;12
2006;2025-09-05;12
2007;2025-10-26;12
2008;2024-10-17;12
2009;2025-07-18;12
2010;2025-04-30;12
2011;2024-11-14;12
2012;2024-06-01;12
2013;2024-03-18;12
2014;2024-01-08;12
2015;2024-02-22;12
2016;2024-03-20;12
2017;2024-05-25;12
2018;2026-01-22;12
2019;2024-02-05;12
2020;2025-06-19;12
2021;2025-11-13;12
2022;2025-06-02;12
2023;2024-06-04;12
2024;2025-10-18;12
2025;2025-02-11;12
2026;2024-08-16;12
2027;2024-01-24;12
2028;2024-01-25;12
2029;2025-07-24;12
2030;2024-06-26;12
2031;2024-08-12;12
2032;2024-06-20;12
2033;2025-04-24;12
2034;2024-09-13;12
2035;2025-04-20;12
2036;2025-06-10;12
2037;2024-12-11;12
2038;2025-08-26;12
2039;2025-05-23;12
2040;2024-05-26;12
2041;2025-08-31;12
2042;2025-01-19;12
2043;2024-01-11;12
2044;2024-01-08;12
2045;2024-09-11;12
2046;2025-02-05;12
2047;2025-07-04;12
2048;2024-07-26;12
2049;2024-03-08;12
2050;2024-08-29;12
2051;2025-01-23;12
2052;2025-02-08;12
2053;2025-05-18;12
2054;2026-01-02;12
2055;2025-11-12;12
2056;2026-01-03;12
2057;2025-04-12;12
2058;2025-08-08;12
2059;2024-01-04;12
2060;2024-07-04;12
2061;2025-02-10;12
2062;2024-08-18;12
2063;2025-07-18;12
2064;2024-02-17;12
2065;2025-04-19;12
2066;2024-04-19;12
2067;2024-06-23;12
2068;2025-01-15;12
2069;2025-04-06;12
2070;2025-03-28;12
2071;2024-10-17;12
2072;2024-05-27;12
2073;2025-04-02;12
2074;2025-08-08;12
2075;2025-10-31;12
2076;2024-10-12;12
2077;2025-10-09;12
2078;2025-08-05;12
2079;2024-04-09;12
2080;2025-05-10;12
2081;2024-10-11;12
2082;2024-11-13;12
2083;2025-10-19;12
2084;2025-01-09;12
2085;2025-12-05;12
2086;2024-04-12;12
2087;2025-07-26;12
2088;2025-01-10;12
2089;2024-10-13;12
2090;2024-12-16;12
2091;2024-07-15;12
2092;2024-07-20;12
2093;2024-07-27;12
2094;2025-04-22;12
2095;2025-04-25;12
2096;2025-10-29;12
2097;2024-02-26;12
2098;2024-09-23;12
2099;2024-02-09;12
2100;2024-09-13;12
2101;2024-04-30;12
2102;2025-01-18;12
2103;2024-01-01;12
2104;2024-04-12;12
2105;2025-09-11;12
2106;2025-07-22;12
2107;2025-05-09;12
2108;2025-07-27;12
2109;2025-05-16;12
2110;2024-12-22;12
2111;2024-03-02;12
2112;2024-05-03;12
2113;2024-08-10;12
2114;2024-12-18;12
2115;2026-01-09;12
2116;2024-03-05;12
2117;2026-01-28;12
2118;2025-07-22;12
2119;2025-08-18;12
2120;2024-02-28;12
2121;2025-03-05;12
2122;2024-03-24;12
2123;2024-09-20;12
2124;2025-08-04;12
2125;2025-10-23;12
2126;2024-02-23;12
2127;2025-06-03;12
2128;2025-10-02;12
2129;2026-01-06;12
2130;2025-04-15;12
2131;2025-06-16;12
2132;2025-03-08;12
2133;2025-07-16;12
2134;2024-06-06;12
2135;2024-06-09;12
2136;2025-07-25;12
2137;2024-12-11;12
2138;2025-08-18;12
2139;2024-07-23;12
2140;2025-02-25;12
2141;2024-04-26;12
2142;2024-01-06;12
2143;2024-10-11;12
2144;2024-12-28;12
2145;2025-12-06;12
2146;2024-05-31;12
2147;2025-08-21;12
2148;2024-02-06;12
2149;2025-10-23;12
2150;2024-04-03;12
2151;2025-01-28;12
2152;2026-01-06;12
2153;2024-07-05;12
2154;2024-11-27;12
2155;2025-11-20;12
2156;2025-09-06;12
2157;2025-06-04;12
2158;2025-08-08;12
2159;2024-04-28;12
2160;2024-04-11;12
2161;2024-04-26;13
2162;2025-11-22;13
2163;2024-07-27;13
2164;2024-09-14;13
2165;2024-09-25;13
2166;2025-01-01;13
2167;2024-01-01;13
2168;2026-01-25;13
2169;2025-08-20;13
2170;2024-10-26;13
2171;2024-07-21;13
2172;2026-01-06;13
2173;2025-05-17;13
2174;2025-12-11;13
2175;2025-01-17;13
2176;2025-02-07;13
2177;2024-04-15;13
2178;2024-04-20;13
2179;2024-03-24;13
2180;2025-03-20;13
2181;2025-08-16;13
2182;2026-01-12;13
2183;2024-04-18;13
2184;2024-04-12;13
2185;2024-02-28;13
2186;2025-02-16;13
2187;2024-10-24;13
2188;2025-10-31;13
2189;2024-10-04;13
2190;2024-05-31;13
2191;2024-07-08;13
2192;2024-03-24;13
2193;2024-08-29;13
2194;2024-04-11;13
2195;2025-02-23;13
2196;2025-04-25;13
2197;2025-02-22;13
2198;2025-03-13;13
2199;2025-08-02;13
2200;2025-03-23;13
2201;2025-03-07;13
2202;2024-03-22;13
2203;2025-12-19;13
2204;2025-08-09;13
2205;2025-05-17;13
2206;2025-03-24;13
2207;2024-07-21;13
2208;2025-05-07;13
2209;2025-10-18;13
2210;2025-05-13;13
2211;2025-03-17;13
2212;2024-03-02;13
2213;2025-01-24;13
2214;2025-05-19;13
2215;2024-10-28;13
2216;2025-10-28;13
2217;2024-02-04;13
2218;2025-09-25;13
2219;2024-10-05;13
2220;2025-02-23;13
2221;2025-09-10;13
2222;2025-10-25;13
2223;2024-04-25;13
2224;2024-06-07;13
2225;2024-05-05;13
2226;2025-06-12;13
2227;2024-02-01;13
2228;2025-11-28;13
2229;2025-11-29;13
2230;2024-05-24;13
2231;2024-10-26;13
2232;2024-05-23;13
2233;2025-12-31;13
2234;2024-08-23;13
2235;2024-04-02;13
2236;2024-12-06;13
2237;2024-02-21;13
2238;2024-09-17;13
2239;2025-02-01;13
2240;2024-05-18;13
2241;2024-08-16;13
2242;2024-06-25;13
2243;2024-01-11;13
2244;2025-08-08;13
2245;2024-06-15;13
2246;2025-05-07;13
2247;2025-01-16;13
2248;2024-04-05;13
2249;2025-04-09;13
2250;2025-06-28;13
2251;2024-08-07;13
2252;2025-11-09;13
2253;2026-01-16;13
2254;2024-04-08;13
2255;2026-01-25;13
2256;2025-04-14;13
2257;2024-03-19;13
2258;2024-04-05;13
2259;2025-05-30;13
2260;2024-10-16;13
2261;2024-09-06;13
2262;2024-06-23;13
2263;2024-11-17;13
2264;2024-05-05;13
2265;2024-05-16;13
2266;2025-11-22;13
2267;2026-01-23;13
2268;2025-11-09;13
2269;2024-08-08;13
2270;2025-11-29;13
2271;2024-03-17;13
2272;2025-05-22;13
2273;2024-04-27;13
2274;2024-12-21;13
2275;2025-07-04;13
2276;2026-01-11;13
2277;2024-07-03;13
2278;2025-07-23;13
2279;2024-09-25;13
2280;2025-04-01;13
2281;2025-03-14;13
2282;2024-09-26;13
2283;2024-06-22;13
2284;2024-02-15;13
2285;2025-03-30;13
2286;2025-12-17;13
2287;2024-03-14;13
2288;2024-03-28;13
2289;2024-10-14;13
2290;2024-03-18;13
2291;2024-10-15;13
2292;2025-05-17;13
2293;2024-12-12;13
2294;2025-01-18;13
2295;2025-05-12;13
2296;2025-10-15;13
2297;2025-06-14;13
2298;2025-02-06;13
2299;2024-10-11;13
2300;2025-08-17;13
2301;2024-12-18;13
2302;2025-07-13;13
2303;2024-12-23;13
2304;2024-05-17;13
2305;2024-09-29;13
2306;2026-01-15;13
2307;2025-10-08;13
2308;2025-09-10;13
2309;2024-09-06;13
2310;2025-05-17;13
2311;2024-10-23;13
2312;2024-03-26;13
2313;2025-11-20;13
2314;2025-04-18;13
2315;2024-05-29;13
2316;2024-12-30;13
2317;2025-08-21;13
2318;2026-01-27;13
2319;2025-04-28;13
2320;2025-06-13;13
2321;2024-11-24;13
2322;2024-02-17;13
2323;2025-06-11;13
2324;2025-11-05;13
2325;2024-06-21;13
2326;2025-01-27;13
2327;2024-12-07;13
2328;2025-09-12;13
2329;2024-02-29;13
2330;2024-10-29;13
2331;2025-07-08;13
2332;2025-12-29;13
2333;2025-03-15;13
2334;2025-12-04;13
2335;2025-09-07;13
2336;2025-04-28;13
2337;2025-10-04;13
2338;2024-03-22;13
2339;2024-05-19;13
2340;2024-09-23;13
2341;2024-03-01;14
2342;2025-12-05;14
2343;2024-08-13;14
2344;2024-02-22;14
2345;2025-01-04;14
2346;2024-05-17;14
2347;2024-09-02;14
2348;2025-06-05;14
2349;2025-11-04;14
2350;2024-10-21;14
2351;2024-02-08;14
2352;2025-02-24;14
2353;2024-04-23;14
2354;2024-12-08;14
2355;2024-10-08;14
2356;2025-05-29;14
2357;2024-02-01;14
2358;2024-05-25;14
2359;2026-01-18;14
2360;2024-04-12;14
2361;2025-11-04;14
2362;2024-11-27;14
2363;2024-06-10;14
2364;2025-08-17;14
2365;2025-03-05;14
2366;2025-07-21;14
2367;2025-06-16;14
2368;2025-09-17;14
2369;2025-04-10;14
2370;2024-08-20;14
2371;2024-06-01;14
2372;2024-03-06;14
2373;2025-04-02;14
2374;2025-09-16;14
2375;2024-10-10;14
2376;2024-12-30;14
2377;2025-09-27;14
2378;2024-06-29;14
2379;2024-05-26;14
2380;2025-02-23;14
2381;2024-04-18;14
2382;2025-03-18;14
2383;2024-06-28;14
2384;2024-04-04;14
2385;2024-07-22;14
2386;2025-01-22;14
2387;2025-04-02;14
2388;2025-01-07;14
2389;2026-01-24;14
2390;2024-06-27;14
2391;2025-01-15;14
2392;2024-10-09;14
2393;2024-12-06;14
2394;2024-09-12;14
2395;2024-07-31;14
2396;2025-06-19;14
2397;2024-08-13;14
2398;2024-11-18;14
2399;2025-03-01;14
2400;2024-06-29;14
2401;2025-05-20;14
2402;2024-04-18;14
2403;2025-03-11;14
2404;2024-11-01;14
2405;2024-12-18;14
2406;2025-09-29;14
2407;2024-04-15;14
2408;2026-01-31;14
2409;2025-01-12;14
2410;2025-10-21;14
2411;2024-09-24;14
2412;2025-04-13;14
2413;2025-10-26;14
2414;2025-12-10;14
2415;2024-05-01;14
2416;2024-06-06;14
2417;2024-09-14;14
2418;2024-09-03;14
2419;2025-07-26;14
2420;2024-07-31;14
2421;2025-11-10;14
2422;2026-01-02;14
2423;2024-12-28;14
2424;2025-11-11;14
2425;2025-01-19;14
2426;2024-04-16;14
2427;2025-12-02;14
2428;2024-06-25;14
2429;2024-09-16;14
2430;2025-10-09;14
2431;2024-06-23;14
2432;2024-06-29;14
2433;2025-06-07;14
2434;2024-04-25;14
2435;2025-10-31;14
2436;2024-02-09;14
2437;2024-09-10;14
2438;2025-04-12;14
2439;2024-06-25;14
2440;2025-08-24;14
2441;2025-07-26;14
2442;2025-05-28;14
2443;2024-10-17;14
2444;2025-10-19;14
2445;2025-08-11;14
2446;2025-01-03;14
2447;2025-12-19;14
2448;2025-11-30;14
2449;2024-08-23;14
2450;2025-12-18;14
2451;2024-12-07;14
2452;2026-01-24;14
2453;2025-03-31;14
2454;2024-07-06;14
2455;2024-12-30;14
2456;2025-08-11;14
2457;2024-07-12;14
2458;2026-01-13;14
2459;2026-01-02;14
2460;2025-04-20;14
2461;2024-05-27;14
2462;2024-04-04;14
2463;2024-05-28;14
2464;2024-03-01;14
2465;2024-09-04;14
2466;2024-01-14;14
2467;2024-02-12;14
2468;2025-04-14;14
2469;2025-10-13;14
2470;2024-05-23;14
2471;2024-08-13;14
2472;2024-07-09;14
2473;2024-01-19;14
2474;2024-09-02;14
2475;2025-10-14;14
2476;2024-11-16;14
2477;2024-03-29;14
2478;2024-08-23;14
2479;2025-02-11;14
2480;2024-03-11;14
2481;2025-09-28;14
2482;2024-12-21;14
2483;2025-05-08;14
2484;2024-10-15;14
2485;2024-10-15;14
2486;2024-05-05;14
2487;2024-12-13;14
2488;2024-01-27;14
2489;2024-08-31;14
2490;2024-06-02;14
2491;2025-10-13;14
2492;2025-04-04;14
2493;2024-03-07;14
2494;2025-09-28;14
2495;2024-05-04;14
2496;2024-07-19;14
2497;2025-10-13;14
2498;2024-11-30;14
2499;2025-07-23;14
2500;2024-11-27;14
2501;2024-09-13;14
2502;2026-01-15;14
2503;2024-07-24;14
2504;2025-03-09;14
2505;2025-10-21;14
2506;2026-01-27;14
2507;2025-04-12;14
2508;2025-11-18;14
2509;2024-05-21;14
2510;2024-10-17;14
2511;2025-06-11;14
2512;2024-04-11;14
2513;2024-05-10;14
2514;2024-11-23;14
2515;2024-04-21;14
2516;2024-07-19;14
2517;2024-11-26;14
2518;2024-12-23;14
2519;2025-01-12;14
2520;2024-10-03;14
2521;2024-06-19;15
2522;2024-12-17;15
2523;2024-05-08;15
2524;2024-06-24;15
2525;2025-07-28;15
2526;2024-07-30;15
2527;2025-12-06;15
2528;2025-01-28;15
2529;2024-03-02;15
2530;2025-11-19;15
2531;2025-11-26;15
2532;2024-02-01;15
2533;2024-08-17;15
2534;2025-07-02;15
2535;2025-11-24;15
2536;2025-02-11;15
2537;2024-10-01;15
2538;2024-04-06;15
2539;2025-06-04;15
2540;2024-05-13;15
2541;2025-02-09;15
2542;2024-09-07;15
2543;2025-05-23;15
2544;2025-12-29;15
2545;2025-10-12;15
2546;2026-01-15;15
2547;2025-12-23;15
2548;2025-01-07;15
2549;2025-03-30;15
2550;2024-04-01;15
2551;2025-09-05;15
2552;2025-12-25;15
2553;2024-06-25;15
2554;2024-05-10;15
2555;2025-10-27;15
2556;2025-01-30;15
2557;2024-02-22;15
2558;2024-05-18;15
2559;2025-08-17;15
2560;2025-11-01;15
2561;2025-10-06;15
2562;2025-10-09;15
2563;2025-12-15;15
2564;2024-09-02;15
2565;2024-05-22;15
2566;2025-11-20;15
2567;2025-12-27;15
2568;2025-08-10;15
2569;2024-09-23;15
2570;2025-07-30;15
2571;2025-03-11;15
2572;2025-09-01;15
2573;2024-07-03;15
2574;2025-12-28;15
2575;2024-10-01;15
2576;2025-12-20;15
2577;2024-03-25;15
2578;2025-11-28;15
2579;2025-12-28;15
2580;2024-12-04;15
2581;2024-12-17;15
2582;2025-05-19;15
2583;2024-07-09;15
2584;2025-01-28;15
2585;2025-04-10;15
2586;2025-11-09;15
2587;2025-01-08;15
2588;2025-02-02;15
2589;2024-01-21;15
2590;2024-02-04;15
2591;2025-07-20;15
2592;2024-04-17;15
2593;2025-11-13;15
2594;2025-08-06;15
2595;2024-10-14;15
2596;2024-04-09;15
2597;2026-01-09;15
2598;2024-03-25;15
2599;2024-09-07;15
2600;2025-07-01;15
2601;2025-04-10;15
2602;2025-04-09;15
2603;2025-02-14;15
2604;2024-04-27;15
2605;2024-09-19;15
2606;2025-12-11;15
2607;2024-09-22;15
2608;2025-08-29;15
2609;2024-03-29;15
2610;2024-02-12;15
2611;2024-10-10;15
2612;2024-02-16;15
2613;2025-06-29;15
2614;2024-03-19;15
2615;2024-04-10;15
2616;2025-08-05;15
2617;2024-04-05;15
2618;2025-05-08;15
2619;2025-12-12;15
2620;2024-02-12;15
2621;2025-07-21;15
2622;2024-08-30;15
2623;2025-05-03;15
2624;2025-02-09;15
2625;2025-01-28;15
2626;2024-06-21;15
2627;2024-01-24;15
2628;2024-12-03;15
2629;2024-02-25;15
2630;2024-09-20;15
2631;2025-07-27;15
2632;2025-08-20;15
2633;2024-09-10;15
2634;2024-06-25;15
2635;2024-04-15;15
2636;2024-04-04;15
2637;2024-08-17;15
2638;2024-08-20;15
2639;2025-03-31;15
2640;2024-10-16;15
2641;2025-07-12;15
2642;2025-03-27;15
2643;2025-03-03;15
2644;2024-07-10;15
2645;2024-03-21;15
2646;2024-08-31;15
2647;2025-11-19;15
2648;2026-01-02;15
2649;2025-02-25;15
2650;2024-08-26;15
2651;2025-09-16;15
2652;2025-02-26;15
2653;2025-02-07;15
2654;2024-05-27;15
2655;2024-10-29;15
2656;2024-10-09;15
2657;2024-05-30;15
2658;2024-07-02;15
2659;2024-11-27;15
2660;2024-12-26;15
2661;2025-12-02;15
2662;2025-09-23;15
2663;2024-03-07;15
2664;2025-04-01;15
2665;2025-10-12;15
2666;2025-01-30;15
2667;2024-08-07;15
2668;2024-11-21;15
2669;2025-01-07;15
2670;2025-09-14;15
2671;2025-12-25;15
2672;2025-10-28;15
2673;2025-10-29;15
2674;2025-09-16;15
2675;2024-04-01;15
2676;2025-08-03;15
2677;2025-05-13;15
2678;2025-02-02;15
2679;2024-09-28;15
2680;2025-06-10;15
2681;2024-09-12;15
2682;2024-07-24;15
2683;2025-07-03;15
2684;2024-01-28;15
2685;2024-05-01;15
2686;2025-12-27;15
2687;2025-02-21;15
2688;2025-09-01;15
2689;2024-03-06;15
2690;2024-06-19;15
2691;2025-09-25;15
2692;2024-08-13;15
2693;2024-11-06;15
2694;2024-08-01;15
2695;2024-08-08;15
2696;2025-11-13;15
2697;2025-07-17;15
2698;2025-12-27;15
2699;2024-10-07;15
2700;2025-08-21;15
2701;2024-12-31;16
2702;2024-04-03;16
2703;2024-12-26;16
2704;2024-05-18;16
2705;2024-06-27;16
2706;2025-03-11;16
2707;2024-06-07;16
2708;2025-05-30;16
2709;2025-07-07;16
2710;2024-08-27;16
2711;2024-08-29;16
2712;2025-12-05;16
2713;2024-07-06;16
2714;2025-04-07;16
2715;2024-03-25;16
2716;2025-11-11;16
2717;2025-03-21;16
2718;2025-04-04;16
2719;2025-10-27;16
2720;2025-03-09;16
2721;2025-04-19;16
2722;2024-04-12;16
2723;2025-05-16;16
2724;2025-03-24;16
2725;2025-01-22;16
2726;2025-06-24;16
2727;2026-01-02;16
2728;2025-08-28;16
2729;2024-10-26;16
2730;2024-08-12;16
2731;2024-12-14;16
2732;2024-09-30;16
2733;2024-03-17;16
2734;2024-10-20;16
2735;2025-08-21;16
2736;2024-11-12;16
2737;2024-08-22;16
2738;2024-06-08;16
2739;2025-07-11;16
2740;2024-03-20;16
2741;2025-10-31;16
2742;2024-08-04;16
2743;2024-07-16;16
2744;2025-11-05;16
2745;2025-02-24;16
2746;2024-06-13;16
2747;2025-04-21;16
2748;2024-12-24;16
2749;2024-06-08;16
2750;2024-10-26;16
2751;2024-02-20;16
2752;2026-01-05;16
2753;2025-05-31;16
2754;2026-01-24;16
2755;2025-03-29;16
2756;2026-01-28;16
2757;2025-12-19;16
2758;2026-01-26;16
2759;2024-02-09;16
2760;2026-01-13;16
2761;2024-04-01;16
2762;2024-07-24;16
2763;2024-06-29;16
2764;2025-04-27;16
2765;2025-11-23;16
2766;2024-08-31;16
2767;2025-08-11;16
2768;2024-05-25;16
2769;2024-01-09;16
2770;2025-08-04;16
2771;2025-11-07;16
2772;2025-01-21;16
2773;2024-07-11;16
2774;2025-10-07;16
2775;2025-07-26;16
2776;2024-04-26;16
2777;2024-03-04;16
2778;2024-04-03;16
2779;2024-06-19;16
2780;2024-11-21;16
2781;2025-06-13;16
2782;2025-10-03;16
2783;2024-06-12;16
2784;2024-01-14;16
2785;2024-05-20;16
2786;2025-06-15;16
2787;2025-01-05;16
2788;2025-06-05;16
2789;2024-09-27;16
2790;2024-02-28;16
2791;2025-03-22;16
2792;2025-05-20;16
2793;2024-08-03;16
2794;2025-12-28;16
2795;2025-07-25;16
2796;2025-08-10;16
2797;2025-02-10;16
2798;2024-10-18;16
2799;2024-05-26;16
2800;2025-08-31;16
2801;2024-07-05;16
2802;2026-01-16;16
2803;2025-05-27;16
2804;2024-04-28;16
2805;2024-11-23;16
2806;2024-12-08;16
2807;2025-11-08;16
2808;2024-10-16;16
2809;2025-06-23;16
2810;2025-05-15;16
2811;2024-03-11;16
2812;2024-03-19;16
2813;2026-01-26;16
2814;2024-09-10;16
2815;2025-05-21;16
2816;2024-03-09;16
2817;2026-01-07;16
2818;2025-04-23;16
2819;2025-07-27;16
2820;2025-04-18;16
2821;2025-01-29;16
2822;2025-01-30;16
2823;2025-01-23;16
2824;2025-10-31;16
2825;2025-08-16;16
2826;2025-01-13;16
2827;2025-08-16;16
2828;2024-09-22;16
2829;2024-10-22;16
2830;2025-05-09;16
2831;2025-11-23;16
2832;2024-05-12;16
2833;2024-09-10;16
2834;2024-03-08;16
2835;2025-12-27;16
2836;2025-02-08;16
2837;2025-08-23;16
2838;2025-02-21;16
2839;2024-05-18;16
2840;2024-12-23;16
2841;2025-10-06;16
2842;2025-04-17;16
2843;2025-02-17;16
2844;2024-11-16;16
2845;2025-12-25;16
2846;2025-01-16;16
2847;2024-08-19;16
2848;2025-01-21;16
2849;2025-07-25;16
2850;2025-09-12;16
2851;2024-09-13;16
2852;2024-04-20;16
2853;2025-12-15;16
2854;2024-04-25;16
2855;2025-03-22;16
2856;2025-11-07;16
2857;2025-03-15;16
2858;2024-03-25;16
2859;2024-04-25;16
2860;2025-11-04;16
2861;2025-09-25;16
2862;2025-12-22;16
2863;2025-05-12;16
2864;2025-04-06;16
2865;2025-11-21;16
2866;2024-01-13;16
2867;2025-05-03;16
2868;2024-05-10;16
2869;2026-01-07;16
2870;2024-03-13;16
2871;2025-03-10;16
2872;2024-03-07;16
2873;2024-05-28;16
2874;2024-08-07;16
2875;2025-01-07;16
2876;2024-12-08;16
2877;2024-09-28;16
2878;2025-01-03;16
2879;2024-06-03;16
2880;2024-12-20;16
2881;2025-03-06;17
2882;2025-08-25;17
2883;2025-04-23;17
2884;2024-02-01;17
2885;2024-05-14;17
2886;2025-03-13;17
2887;2025-08-22;17
2888;2025-11-25;17
2889;2025-08-03;17
2890;2025-10-19;17
2891;2025-12-22;17
2892;2024-02-13;17
2893;2026-01-11;17
2894;2025-03-31;17
2895;2025-09-03;17
2896;2024-01-09;17
2897;2025-04-12;17
2898;2024-12-19;17
2899;2024-07-21;17
2900;2024-10-30;17
2901;2025-02-25;17
2902;2024-03-01;17
2903;2024-09-26;17
2904;2025-02-03;17
2905;2025-11-10;17
2906;2024-05-02;17
2907;2024-06-25;17
2908;2025-11-21;17
2909;2024-08-05;17
2910;2025-11-21;17
2911;2024-06-22;17
2912;2025-02-13;17
2913;2025-01-28;17
2914;2026-01-25;17
2915;2025-12-29;17
2916;2024-06-07;17
2917;2024-05-11;17
2918;2024-11-07;17
2919;2024-02-14;17
2920;2025-01-07;17
2921;2024-08-08;17
2922;2024-12-19;17
2923;2025-10-24;17
2924;2024-06-24;17
2925;2024-03-25;17
2926;2025-05-10;17
2927;2024-07-25;17
2928;2025-08-20;17
2929;2025-07-26;17
2930;2025-12-15;17
2931;2025-04-18;17
2932;2024-07-31;17
2933;2025-06-16;17
2934;2024-11-01;17
2935;2024-06-05;17
2936;2026-01-29;17
2937;2024-02-14;17
2938;2025-09-08;17
2939;2024-11-18;17
2940;2025-03-15;17
2941;2024-02-19;17
2942;2024-07-29;17
2943;2025-10-22;17
2944;2024-07-16;17
2945;2025-09-06;17
2946;2025-10-18;17
2947;2025-04-22;17
2948;2025-03-07;17
2949;2024-05-26;17
2950;2024-06-22;17
2951;2025-10-27;17
2952;2024-02-20;17
2953;2026-01-28;17
2954;2025-04-20;17
2955;2025-05-28;17
2956;2024-02-02;17
2957;2024-02-17;17
2958;2024-12-23;17
2959;2025-04-15;17
2960;2024-05-05;17
2961;2024-02-05;17
2962;2025-07-16;17
2963;2025-05-27;17
2964;2024-09-10;17
2965;2024-11-04;17
2966;2024-11-11;17
2967;2025-06-06;17
2968;2024-03-20;17
2969;2025-08-25;17
2970;2025-08-31;17
2971;2025-03-06;17
2972;2025-03-22;17
2973;2025-11-15;17
2974;2025-12-27;17
2975;2024-11-18;17
2976;2024-02-07;17
2977;2024-05-10;17
2978;2025-06-03;17
2979;2024-04-03;17
2980;2024-12-10;17
2981;2025-05-18;17
2982;2024-02-02;17
2983;2024-11-01;17
2984;2025-11-21;17
2985;2025-12-11;17
2986;2024-10-11;17
2987;2024-11-05;17
2988;2024-06-16;17
2989;2026-01-31;17
2990;2025-10-17;17
2991;2024-10-09;17
2992;2024-10-26;17
2993;2025-09-11;17
2994;2025-06-16;17
2995;2025-07-18;17
2996;2025-02-02;17
2997;2025-03-17;17
2998;2024-10-03;17
2999;2025-07-31;17
3000;2025-04-08;17
3001;2024-03-11;17
3002;2025-06-24;17
3003;2025-12-18;17
3004;2025-06-14;17
3005;2025-06-30;17
3006;2024-08-30;17
3007;2024-07-14;17
3008;2025-08-29;17
3009;2024-09-10;17
3010;2025-03-23;17
3011;2024-05-09;17
3012;2024-02-26;17
3013;2024-03-26;17
3014;2025-12-25;17
3015;2025-11-02;17
3016;2024-06-16;17
3017;2024-03-30;17
3018;2024-11-30;17
3019;2025-10-30;17
3020;2024-12-31;17
3021;2026-01-18;17
3022;2024-01-15;17
3023;2025-06-10;17
3024;2024-01-08;17
3025;2024-01-30;17
3026;2025-01-08;17
3027;2024-11-04;17
3028;2025-04-21;17
3029;2024-06-02;17
3030;2024-02-12;17
3031;2024-01-23;17
3032;2025-04-28;17
3033;2025-01-12;17
3034;2024-07-25;17
3035;2024-01-22;17
3036;2024-01-21;17
3037;2025-01-07;17
3038;2024-11-27;17
3039;2024-04-19;17
3040;2024-04-04;17
3041;2024-09-17;17
3042;2024-09-02;17
3043;2024-08-26;17
3044;2025-05-02;17
3045;2025-02-22;17
3046;2024-01-10;17
3047;2025-01-11;17
3048;2024-05-14;17
3049;2025-01-17;17
3050;2025-05-27;17
3051;2024-09-24;17
3052;2025-03-23;17
3053;2025-04-03;17
3054;2024-02-02;17
3055;2024-04-24;17
3056;2024-01-27;17
3057;2025-09-13;17
3058;2024-02-11;17
3059;2024-11-16;17
3060;2024-03-12;17
3061;2024-10-09;18
3062;2024-05-23;18
3063;2024-10-22;18
3064;2025-09-21;18
3065;2024-10-29;18
3066;2026-01-27;18
3067;2024-06-21;18
3068;2025-12-09;18
3069;2025-10-08;18
3070;2025-05-30;18
3071;2025-05-08;18
3072;2024-12-27;18
3073;2025-12-15;18
3074;2024-08-03;18
3075;2024-11-07;18
3076;2025-03-04;18
3077;2025-01-15;18
3078;2025-01-06;18
3079;2024-08-15;18
3080;2024-04-09;18
3081;2025-12-22;18
3082;2025-06-01;18
3083;2025-08-26;18
3084;2025-05-19;18
3085;2024-01-17;18
3086;2025-04-17;18
3087;2024-08-08;18
3088;2024-04-23;18
3089;2025-07-26;18
3090;2025-08-25;18
3091;2025-07-28;18
3092;2025-11-26;18
3093;2024-10-17;18
3094;2025-08-01;18
3095;2024-08-03;18
3096;2024-12-11;18
3097;2024-02-16;18
3098;2024-03-20;18
3099;2024-03-09;18
3100;2024-12-21;18
3101;2024-11-22;18
3102;2026-01-04;18
3103;2025-11-04;18
3104;2025-09-09;18
3105;2024-05-11;18
3106;2025-05-02;18
3107;2025-11-19;18
3108;2025-07-04;18
3109;2024-01-20;18
3110;2025-11-21;18
3111;2025-04-18;18
3112;2024-01-19;18
3113;2025-09-30;18
3114;2025-10-18;18
3115;2025-08-27;18
3116;2024-09-13;18
3117;2025-11-17;18
3118;2024-10-08;18
3119;2025-07-04;18
3120;2025-12-23;18
3121;2025-09-19;18
3122;2024-03-28;18
3123;2025-03-08;18
3124;2024-07-03;18
3125;2025-12-15;18
3126;2024-06-11;18
3127;2024-04-10;18
3128;2025-01-07;18
3129;2025-09-27;18
3130;2024-12-31;18
3131;2025-09-22;18
3132;2024-08-31;18
3133;2024-09-22;18
3134;2025-04-28;18
3135;2025-12-31;18
3136;2024-12-30;18
3137;2024-04-25;18
3138;2025-08-28;18
3139;2025-01-05;18
3140;2024-02-28;18
3141;2025-01-21;18
3142;2024-07-28;18
3143;2026-01-16;18
3144;2024-05-01;18
3145;2024-08-15;18
3146;2024-03-03;18
3147;2024-09-24;18
3148;2024-07-15;18
3149;2024-06-19;18
3150;2024-10-25;18
3151;2025-04-02;18
3152;2024-10-22;18
3153;2025-04-12;18
3154;2024-08-23;18
3155;2026-01-14;18
3156;2024-05-04;18
3157;2025-10-04;18
3158;2025-03-11;18
3159;2024-01-01;18
3160;2025-03-11;18
3161;2025-12-22;18
3162;2025-11-15;18
3163;2024-01-28;18
3164;2025-03-31;18
3165;2024-02-27;18
3166;2024-08-08;18
3167;2025-10-08;18
3168;2024-01-31;18
3169;2024-07-01;18
3170;2024-12-18;18
3171;2024-06-30;18
3172;2025-08-31;18
3173;2024-06-29;18
3174;2024-09-16;18
3175;2025-02-19;18
3176;2024-02-09;18
3177;2024-07-25;18
3178;2024-04-28;18
3179;2024-11-09;18
3180;2025-11-24;18
3181;2024-04-12;18
3182;2025-05-28;18
3183;2024-05-16;18
3184;2025-09-05;18
3185;2025-06-19;18
3186;2025-12-20;18
3187;2024-02-28;18
3188;2024-08-16;18
3189;2025-04-27;18
3190;2025-03-24;18
3191;2024-02-01;18
3192;2025-04-17;18
3193;2025-06-14;18
3194;2024-01-03;18
3195;2024-05-21;18
3196;2025-12-28;18
3197;2025-04-10;18
3198;2024-10-02;18
3199;2025-02-17;18
3200;2026-01-24;18
3201;2024-02-22;18
3202;2024-07-20;18
3203;2024-12-04;18
3204;2024-08-28;18
3205;2025-04-27;18
3206;2025-09-15;18
3207;2025-10-28;18
3208;2024-01-02;18
3209;2024-02-28;18
3210;2025-11-23;18
3211;2024-07-31;18
3212;2025-08-18;18
3213;2025-06-27;18
3214;2025-02-21;18
3215;2025-01-11;18
3216;2024-07-07;18
3217;2025-04-15;18
3218;2025-04-30;18
3219;2024-06-27;18
3220;2025-04-25;18
3221;2025-05-07;18
3222;2024-10-05;18
3223;2024-03-01;18
3224;2025-02-08;18
3225;2025-09-20;18
3226;2025-10-13;18
3227;2025-01-02;18
3228;2024-03-23;18
3229;2025-01-14;18
3230;2025-08-26;18
3231;2025-07-16;18
3232;2024-06-14;18
3233;2026-01-30;18
3234;2024-11-21;18
3235;2025-05-03;18
3236;2024-04-17;18
3237;2024-09-14;18
3238;2024-10-05;18
3239;2024-06-07;18
3240;2024-10-09;18
3241;2025-05-22;19
3242;2024-06-05;19
3243;2025-12-03;19
3244;2024-02-10;19
3245;2024-12-17;19
3246;2025-03-20;19
3247;2024-07-28;19
3248;2024-03-15;19
3249;2025-02-18;19
3250;2025-07-17;19
3251;2025-06-22;19
3252;2025-11-21;19
3253;2024-10-12;19
3254;2025-11-21;19
3255;2024-10-25;19
3256;2024-10-05;19
3257;2026-01-14;19
3258;2025-07-01;19
3259;2025-04-09;19
3260;2024-11-26;19
3261;2025-11-25;19
3262;2025-12-07;19
3263;2025-08-11;19
3264;2024-08-19;19
3265;2024-10-20;19
3266;2026-01-25;19
3267;2024-03-02;19
3268;2025-08-01;19
3269;2025-08-27;19
3270;2024-09-30;19
3271;2025-01-15;19
3272;2024-11-16;19
3273;2024-02-24;19
3274;2024-03-17;19
3275;2024-08-11;19
3276;2024-01-10;19
3277;2025-06-02;19
3278;2025-08-18;19
3279;2024-09-29;19
3280;2024-03-30;19
3281;2025-11-09;19
3282;2025-04-18;19
3283;2025-04-23;19
3284;2024-08-04;19
3285;2025-03-08;19
3286;2024-07-21;19
3287;2024-09-26;19
3288;2024-08-13;19
3289;2024-12-03;19
3290;2024-05-23;19
3291;2024-12-06;19
3292;2024-01-06;19
3293;2024-05-19;19
3294;2024-05-22;19
3295;2024-03-31;19
3296;2025-03-16;19
3297;2024-04-25;19
3298;2024-10-12;19
3299;2025-02-06;19
3300;2024-08-13;19
3301;2025-11-26;19
3302;2024-09-28;19
3303;2025-10-13;19
3304;2025-05-13;19
3305;2026-01-23;19
3306;2024-11-29;19
3307;2025-07-09;19
3308;2024-03-10;19
3309;2025-05-16;19
3310;2024-06-02;19
3311;2025-11-14;19
3312;2024-04-01;19
3313;2024-08-01;19
3314;2024-08-09;19
3315;2024-11-26;19
3316;2025-01-06;19
3317;2024-02-18;19
3318;2025-03-21;19
3319;2024-12-19;19
3320;2024-12-09;19
3321;2025-12-24;19
3322;2024-04-29;19
3323;2025-01-17;19
3324;2024-09-10;19
3325;2024-11-06;19
3326;2024-11-21;19
3327;2025-05-13;19
3328;2024-05-28;19
3329;2025-12-13;19
3330;2024-08-28;19
3331;2026-01-05;19
3332;2024-12-18;19
3333;2024-08-12;19
3334;2025-02-24;19
3335;2025-09-15;19
3336;2025-06-18;19
3337;2024-08-11;19
3338;2025-06-27;19
3339;2025-02-15;19
3340;2024-09-07;19
3341;2025-01-22;19
3342;2024-03-12;19
3343;2025-12-19;19
3344;2025-07-10;19
3345;2025-03-15;19
3346;2024-10-26;19
3347;2024-05-26;19
3348;2024-05-05;19
3349;2025-07-26;19
3350;2024-02-05;19
3351;2025-07-20;19
3352;2024-12-22;19
3353;2024-03-11;19
3354;2025-11-15;19
3355;2025-07-12;19
3356;2024-07-05;19
3357;2025-03-17;19
3358;2025-02-25;19
3359;2024-11-07;19
3360;2025-07-04;19
3361;2024-12-21;19
3362;2025-12-11;19
3363;2024-01-11;19
3364;2024-11-30;19
3365;2024-10-30;19
3366;2024-12-17;19
3367;2025-01-13;19
3368;2025-01-16;19
3369;2025-08-06;19
3370;2025-08-28;19
3371;2025-07-20;19
3372;2025-12-22;19
3373;2025-02-26;19
3374;2026-01-28;19
3375;2025-02-17;19
3376;2024-03-29;19
3377;2026-01-29;19
3378;2024-12-21;19
3379;2024-02-29;19
3380;2024-08-05;19
3381;2025-05-07;19
3382;2025-07-10;19
3383;2024-08-19;19
3384;2025-05-31;19
3385;2025-06-05;19
3386;2025-03-07;19
3387;2025-04-11;19
3388;2025-09-21;19
3389;2024-05-04;19
3390;2025-09-06;19
3391;2024-05-18;19
3392;2024-04-19;19
3393;2024-05-19;19
3394;2026-01-04;19
3395;2024-12-16;19
3396;2024-09-29;19
3397;2025-09-15;19
3398;2025-06-14;19
3399;2025-10-21;19
3400;2024-11-22;19
3401;2024-02-26;19
3402;2026-01-10;19
3403;2025-08-30;19
3404;2024-06-11;19
3405;2025-09-11;19
3406;2024-09-30;19
3407;2024-12-18;19
3408;2024-03-08;19
3409;2024-09-15;19
3410;2025-03-14;19
3411;2024-11-28;19
3412;2024-07-27;19
3413;2025-07-20;19
3414;2024-04-30;19
3415;2025-06-05;19
3416;2024-04-11;19
3417;2024-10-09;19
3418;2024-08-30;19
3419;2024-11-24;19
3420;2025-05-31;19
3421;2024-12-03;20
3422;2024-09-18;20
3423;2024-04-06;20
3424;2025-06-13;20
3425;2024-12-18;20
3426;2025-09-28;20
3427;2024-03-19;20
3428;2025-12-19;20
3429;2024-10-05;20
3430;2025-02-26;20
3431;2024-07-07;20
3432;2024-05-24;20
3433;2026-01-05;20
3434;2024-11-17;20
3435;2025-03-04;20
3436;2024-05-16;20
3437;2024-06-08;20
3438;2025-11-08;20
3439;2025-09-14;20
3440;2024-05-25;20
3441;2025-11-30;20
3442;2025-07-10;20
3443;2025-11-29;20
3444;2025-07-07;20
3445;2025-05-22;20
3446;2024-06-19;20
3447;2025-11-20;20
3448;2025-01-12;20
3449;2024-11-15;20
3450;2024-01-27;20
3451;2024-10-02;20
3452;2024-10-10;20
3453;2025-04-28;20
3454;2024-02-26;20
3455;2024-09-03;20
3456;2025-07-09;20
3457;2024-08-18;20
3458;2024-07-20;20
3459;2025-05-07;20
3460;2025-03-10;20
3461;2025-02-19;20
3462;2024-04-19;20
3463;2024-10-04;20
3464;2025-04-06;20
3465;2024-09-29;20
3466;2025-02-23;20
3467;2025-05-19;20
3468;2024-08-23;20
3469;2024-07-24;20
3470;2024-01-07;20
3471;2024-06-04;20
3472;2024-06-04;20
3473;2024-09-16;20
3474;2025-11-01;20
3475;2024-06-20;20
3476;2024-08-28;20
3477;2025-08-03;20
3478;2024-07-31;20
3479;2025-12-16;20
3480;2024-07-29;20
3481;2025-04-29;20
3482;2025-09-21;20
3483;2025-12-19;20
3484;2024-09-28;20
3485;2025-03-16;20
3486;2025-07-02;20
3487;2024-03-15;20
3488;2024-03-06;20
3489;2025-06-24;20
3490;2024-05-16;20
3491;2025-02-19;20
3492;2024-07-08;20
3493;2026-01-10;20
3494;2025-02-10;20
3495;2025-02-08;20
3496;2025-10-20;20
3497;2024-03-03;20
3498;2024-12-31;20
3499;2025-06-22;20
3500;2025-12-05;20
3501;2024-05-05;20
3502;2025-12-11;20
3503;2024-06-04;20
3504;2024-10-27;20
3505;2025-08-19;20
3506;2025-01-18;20
3507;2025-12-27;20
3508;2024-01-08;20
3509;2024-02-06;20
3510;2025-06-21;20
3511;2025-07-04;20
3512;2024-04-08;20
3513;2024-11-10;20
3514;2024-04-13;20
3515;2024-03-19;20
3516;2026-01-17;20
3517;2024-11-03;20
3518;2025-04-02;20
3519;2025-02-26;20
3520;2025-05-19;20
3521;2025-08-24;20
3522;2025-07-14;20
3523;2024-02-10;20
3524;2025-12-07;20
3525;2024-12-01;20
3526;2024-06-24;20
3527;2024-11-12;20
3528;2025-12-30;20
3529;2024-04-23;20
3530;2025-08-13;20
3531;2026-01-11;20
3532;2024-07-04;20
3533;2024-07-08;20
3534;2025-11-18;20
3535;2024-01-28;20
3536;2024-01-03;20
3537;2025-10-21;20
3538;2025-08-28;20
3539;2024-05-09;20
3540;2025-05-19;20
3541;2024-10-09;20
3542;2025-11-27;20
3543;2025-02-24;20
3544;2024-08-24;20
3545;2024-09-21;20
3546;2024-08-24;20
3547;2025-01-18;20
3548;2025-06-29;20
3549;2025-10-14;20
3550;2025-05-29;20
3551;2025-04-05;20
3552;2025-06-29;20
3553;2025-08-28;20
3554;2025-11-07;20
3555;2025-04-29;20
3556;2024-09-01;20
3557;2025-04-22;20
3558;2024-03-05;20
3559;2025-05-01;20
3560;2024-02-26;20
3561;2025-07-24;20
3562;2026-01-08;20
3563;2025-08-27;20
3564;2024-08-17;20
3565;2025-12-05;20
3566;2024-08-17;20
3567;2025-12-10;20
3568;2025-10-12;20
3569;2025-02-09;20
3570;2025-07-14;20
3571;2025-10-17;20
3572;2024-02-16;20
3573;2024-11-16;20
3574;2024-11-13;20
3575;2024-07-17;20
3576;2024-04-28;20
3577;2025-01-22;20
3578;2024-11-17;20
3579;2024-10-03;20
3580;2025-04-19;20
3581;2024-11-11;20
3582;2024-06-07;20
3583;2025-07-15;20
3584;2024-12-06;20
3585;2024-05-27;20
3586;2025-10-22;20
3587;2025-07-02;20
3588;2025-12-27;20
3589;2025-01-03;20
3590;2025-06-10;20
3591;2024-01-14;20
3592;2025-03-08;20
3593;2025-05-26;20
3594;2025-11-08;20
3595;2024-08-05;20
3596;2024-07-24;20
3597;2025-12-26;20
3598;2024-10-15;20
3599;2025-12-10;20
3600;2025-07-13;20
3601;2025-11-26;21
3602;2025-09-12;21
3603;2024-06-12;21
3604;2025-06-30;21
3605;2024-02-06;21
3606;2025-05-18;21
3607;2025-07-25;21
3608;2025-01-09;21
3609;2025-08-22;21
3610;2024-04-17;21
3611;2024-08-21;21
3612;2024-06-30;21
3613;2025-04-05;21
3614;2025-10-09;21
3615;2024-07-29;21
3616;2025-02-17;21
3617;2025-09-12;21
3618;2025-11-24;21
3619;2024-11-22;21
3620;2024-02-19;21
3621;2024-07-01;21
3622;2026-01-19;21
3623;2024-07-18;21
3624;2025-09-02;21
3625;2025-05-22;21
3626;2025-09-23;21
3627;2025-04-05;21
3628;2024-05-14;21
3629;2024-07-13;21
3630;2024-06-20;21
3631;2025-07-07;21
3632;2025-07-07;21
3633;2024-05-07;21
3634;2024-04-16;21
3635;2025-12-17;21
3636;2024-09-12;21
3637;2025-10-05;21
3638;2025-06-04;21
3639;2024-07-16;21
3640;2026-01-09;21
3641;2024-08-01;21
3642;2024-05-28;21
3643;2025-10-07;21
3644;2025-02-02;21
3645;2025-09-14;21
3646;2024-02-24;21
3647;2025-01-25;21
3648;2025-08-19;21
3649;2024-09-08;21
3650;2024-10-21;21
3651;2024-10-11;21
3652;2024-08-11;21
3653;2025-01-05;21
3654;2024-05-04;21
3655;2025-07-15;21
3656;2024-03-27;21
3657;2025-03-23;21
3658;2026-01-13;21
3659;2026-01-12;21
3660;2024-12-11;21
3661;2024-08-12;21
3662;2024-07-21;21
3663;2025-08-10;21
3664;2025-03-21;21
3665;2024-02-03;21
3666;2025-04-27;21
3667;2024-07-20;21
3668;2025-01-05;21
3669;2025-09-20;21
3670;2025-06-03;21
3671;2025-03-21;21
3672;2025-05-29;21
3673;2025-04-10;21
3674;2024-02-16;21
3675;2025-10-17;21
3676;2025-11-01;21
3677;2025-06-20;21
3678;2025-10-19;21
3679;2025-09-09;21
3680;2024-03-17;21
3681;2024-03-25;21
3682;2024-04-08;21
3683;2024-06-15;21
3684;2024-08-27;21
3685;2025-06-24;21
3686;2025-09-26;21
3687;2025-02-19;21
3688;2024-04-28;21
3689;2025-06-26;21
3690;2024-03-05;21
3691;2024-11-09;21
3692;2024-08-08;21
3693;2025-07-21;21
3694;2026-01-04;21
3695;2024-05-07;21
3696;2024-04-14;21
3697;2025-09-24;21
3698;2025-08-23;21
3699;2025-01-28;21
3700;2024-12-30;21
3701;2025-01-02;21
3702;2024-04-05;21
3703;2025-01-29;21
3704;2024-07-11;21
3705;2024-10-07;21
3706;2024-12-07;21
3707;2024-07-20;21
3708;2026-01-19;21
3709;2025-07-24;21
3710;2025-05-27;21
3711;2025-05-17;21
3712;2025-11-21;21
3713;2025-09-26;21
3714;2024-04-03;21
3715;2026-01-30;21
3716;2024-12-31;21
3717;2024-10-03;21
3718;2024-06-03;21
3719;2024-07-29;21
3720;2024-07-19;21
3721;2025-05-17;21
3722;2024-02-07;21
3723;2025-03-07;21
3724;2025-12-10;21
3725;2024-10-31;21
3726;2025-05-21;21
3727;2024-01-09;21
3728;2024-09-13;21
3729;2024-01-20;21
3730;2024-12-15;21
3731;2025-02-10;21
3732;2025-10-06;21
3733;2025-07-08;21
3734;2025-11-08;21
3735;2024-01-04;21
3736;2024-11-09;21
3737;2024-10-26;21
3738;2024-12-04;21
3739;2026-01-30;21
3740;2025-02-08;21
3741;2024-09-25;21
3742;2025-08-01;21
3743;2026-01-22;21
3744;2025-07-27;21
3745;2025-09-26;21
3746;2024-01-01;21
3747;2024-02-16;21
3748;2025-08-16;21
3749;2024-09-27;21
3750;2025-06-28;21
3751;2025-12-29;21
3752;2024-01-30;21
3753;2024-10-19;21
3754;2025-10-30;21
3755;2024-04-01;21
3756;2025-10-07;21
3757;2024-05-01;21
3758;2025-05-18;21
3759;2025-06-24;21
3760;2024-01-30;21
3761;2024-03-11;21
3762;2025-08-24;21
3763;2025-07-21;21
3764;2024-06-13;21
3765;2025-06-22;21
3766;2024-05-28;21
3767;2024-06-22;21
3768;2025-06-22;21
3769;2024-11-25;21
3770;2025-04-17;21
3771;2024-09-21;21
3772;2024-12-30;21
3773;2024-08-23;21
3774;2026-01-16;21
3775;2025-05-01;21
3776;2025-08-13;21
3777;2024-01-19;21
3778;2024-06-18;21
3779;2025-06-11;21
3780;2025-02-11;21
3781;2024-07-24;22
3782;2024-09-24;22
3783;2025-04-17;22
3784;2024-01-28;22
3785;2025-03-15;22
3786;2024-12-31;22
3787;2024-04-19;22
3788;2024-02-25;22
3789;2025-05-23;22
3790;2025-01-06;22
3791;2024-09-20;22
3792;2024-10-19;22
3793;2025-02-01;22
3794;2024-11-26;22
3795;2025-03-22;22
3796;2024-09-10;22
3797;2024-01-05;22
3798;2024-09-27;22
3799;2024-01-12;22
3800;2025-12-31;22
3801;2024-02-22;22
3802;2025-11-13;22
3803;2025-03-11;22
3804;2025-03-27;22
3805;2024-04-01;22
3806;2026-01-24;22
3807;2025-08-16;22
3808;2025-06-09;22
3809;2025-10-15;22
3810;2024-02-09;22
3811;2025-07-27;22
3812;2025-04-25;22
3813;2024-01-31;22
3814;2026-01-29;22
3815;2025-06-14;22
3816;2024-06-30;22
3817;2024-04-29;22
3818;2024-09-12;22
3819;2024-05-26;22
3820;2025-12-28;22
3821;2025-09-02;22
3822;2024-04-02;22
3823;2025-07-27;22
3824;2026-01-18;22
3825;2025-08-23;22
3826;2025-02-11;22
3827;2024-09-18;22
3828;2025-12-07;22
3829;2025-01-22;22
3830;2025-01-30;22
3831;2024-05-25;22
3832;2025-07-21;22
3833;2025-06-30;22
3834;2024-09-03;22
3835;2024-06-18;22
3836;2024-05-15;22
3837;2025-03-21;22
3838;2025-11-08;22
3839;2024-05-07;22
3840;2025-09-05;22
3841;2025-08-22;22
3842;2025-11-10;22
3843;2025-03-26;22
3844;2024-11-14;22
3845;2025-01-07;22
3846;2025-07-29;22
3847;2025-01-02;22
3848;2025-06-27;22
3849;2025-06-06;22
3850;2025-01-16;22
3851;2024-09-23;22
3852;2025-11-28;22
3853;2024-09-20;22
3854;2025-09-06;22
3855;2024-02-27;22
3856;2024-09-09;22
3857;2024-07-13;22
3858;2025-10-18;22
3859;2024-12-28;22
3860;2025-01-02;22
3861;2025-09-10;22
3862;2024-01-22;22
3863;2024-09-09;22
3864;2026-01-29;22
3865;2025-01-09;22
3866;2025-02-08;22
3867;2024-09-04;22
3868;2025-11-06;22
3869;2024-11-17;22
3870;2025-10-03;22
3871;2025-02-08;22
3872;2024-02-20;22
3873;2026-01-12;22
3874;2024-02-05;22
3875;2025-01-02;22
3876;2025-09-05;22
3877;2025-04-01;22
3878;2024-02-08;22
3879;2025-01-16;22
3880;2024-08-16;22
3881;2024-08-01;22
3882;2025-02-06;22
3883;2025-02-18;22
3884;2024-06-30;22
3885;2024-03-05;22
3886;2025-02-26;22
3887;2024-11-02;22
3888;2024-01-09;22
3889;2024-05-01;22
3890;2024-04-15;22
3891;2025-01-12;22
3892;2025-03-25;22
3893;2025-06-22;22
3894;2025-09-27;22
3895;2025-01-04;22
3896;2025-08-08;22
3897;2025-08-08;22
3898;2025-02-04;22
3899;2024-09-24;22
3900;2025-10-28;22
3901;2024-07-15;22
3902;2025-08-16;22
3903;2024-10-06;22
3904;2026-01-03;22
3905;2024-08-29;22
3906;2025-07-04;22
3907;2024-01-08;22
3908;2024-09-09;22
3909;2025-03-10;22
3910;2024-05-12;22
3911;2024-07-11;22
3912;2024-06-22;22
3913;2024-02-03;22
3914;2024-06-17;22
3915;2024-12-05;22
3916;2025-07-21;22
3917;2024-08-01;22
3918;2024-06-12;22
3919;2024-06-16;22
3920;2024-10-11;22
3921;2025-06-18;22
3922;2025-02-13;22
3923;2025-01-13;22
3924;2025-02-11;22
3925;2024-09-22;22
3926;2024-05-06;22
3927;2025-06-30;22
3928;2024-08-09;22
3929;2024-01-09;22
3930;2025-05-16;22
3931;2024-09-06;22
3932;2024-06-09;22
3933;2025-06-16;22
3934;2025-08-28;22
3935;2024-02-11;22
3936;2024-11-01;22
3937;2024-08-31;22
3938;2024-10-17;22
3939;2025-01-27;22
3940;2025-12-16;22
3941;2024-09-24;22
3942;2025-11-28;22
3943;2024-05-24;22
3944;2025-09-18;22
3945;2025-08-24;22
3946;2024-09-07;22
3947;2025-12-12;22
3948;2024-11-27;22
3949;2024-10-01;22
3950;2025-05-26;22
3951;2025-07-15;22
3952;2024-03-17;22
3953;2024-05-09;22
3954;2025-07-01;22
3955;2024-04-19;22
3956;2024-10-12;22
3957;2024-01-27;22
3958;2025-03-12;22
3959;2024-09-13;22
3960;2025-11-08;22
3961;2024-01-21;23
3962;2025-01-22;23
3963;2025-10-01;23
3964;2024-02-12;23
3965;2024-02-10;23
3966;2025-04-16;23
3967;2025-08-05;23
3968;2024-06-13;23
3969;2025-10-08;23
3970;2025-10-17;23
3971;2024-05-11;23
3972;2024-08-21;23
3973;2024-04-02;23
3974;2025-11-28;23
3975;2025-02-23;23
3976;2025-12-31;23
3977;2025-09-15;23
3978;2024-11-14;23
3979;2025-01-15;23
3980;2024-08-25;23
3981;2024-07-19;23
3982;2025-03-14;23
3983;2024-09-25;23
3984;2025-08-22;23
3985;2024-12-09;23
3986;2025-03-31;23
3987;2024-03-19;23
3988;2025-03-26;23
3989;2025-04-25;23
3990;2025-05-11;23
3991;2024-09-19;23
3992;2024-03-02;23
3993;2025-02-01;23
3994;2025-12-15;23
3995;2025-12-23;23
3996;2025-06-14;23
3997;2025-10-12;23
3998;2025-03-08;23
3999;2024-09-10;23
4000;2025-08-25;23
4001;2025-08-24;23
4002;2025-03-09;23
4003;2024-01-24;23
4004;2024-10-14;23
4005;2024-02-11;23
4006;2024-03-07;23
4007;2024-12-07;23
4008;2024-07-04;23
4009;2025-04-22;23
4010;2025-11-01;23
4011;2024-06-20;23
4012;2024-06-07;23
4013;2025-03-14;23
4014;2025-10-12;23
4015;2025-12-02;23
4016;2025-10-01;23
4017;2024-04-18;23
4018;2024-09-25;23
4019;2025-12-03;23
4020;2024-11-11;23
4021;2025-09-11;23
4022;2024-10-11;23
4023;2025-11-28;23
4024;2024-11-20;23
4025;2025-07-30;23
4026;2025-02-26;23
4027;2025-12-12;23
4028;2024-05-21;23
4029;2025-12-15;23
4030;2024-01-09;23
4031;2025-09-04;23
4032;2025-05-08;23
4033;2025-11-27;23
4034;2025-04-21;23
4035;2024-09-04;23
4036;2025-08-02;23
4037;2025-08-31;23
4038;2025-11-02;23
4039;2025-07-02;23
4040;2024-08-07;23
4041;2024-07-20;23
4042;2024-01-29;23
4043;2024-04-13;23
4044;2024-04-30;23
4045;2025-04-01;23
4046;2024-02-19;23
4047;2025-02-20;23
4048;2025-11-05;23
4049;2024-03-07;23
4050;2024-06-16;23
4051;2025-10-18;23
4052;2025-05-16;23
4053;2025-01-03;23
4054;2025-12-15;23
4055;2025-09-26;23
4056;2024-02-01;23
4057;2025-01-24;23
4058;2024-10-23;23
4059;2025-03-03;23
4060;2025-02-25;23
4061;2024-01-14;23
4062;2024-07-19;23
4063;2024-12-19;23
4064;2025-04-20;23
4065;2024-02-12;23
4066;2024-05-01;23
4067;2025-10-28;23
4068;2024-01-01;23
4069;2025-12-07;23
4070;2025-01-14;23
4071;2024-11-23;23
4072;2024-04-07;23
4073;2026-01-02;23
4074;2026-01-14;23
4075;2026-01-09;23
4076;2025-08-02;23
4077;2025-04-24;23
4078;2025-01-01;23
4079;2024-10-18;23
4080;2025-05-29;23
4081;2024-08-06;23
4082;2026-01-22;23
4083;2024-05-22;23
4084;2024-11-09;23
4085;2024-11-08;23
4086;2024-02-23;23
4087;2025-09-06;23
4088;2026-01-20;23
4089;2024-03-28;23
4090;2024-12-05;23
4091;2024-04-11;23
4092;2024-09-27;23
4093;2025-09-21;23
4094;2024-07-02;23
4095;2024-01-25;23
4096;2025-09-19;23
4097;2024-08-31;23
4098;2025-10-29;23
4099;2024-07-28;23
4100;2024-03-16;23
4101;2025-08-17;23
4102;2025-03-07;23
4103;2025-05-14;23
4104;2025-12-05;23
4105;2024-02-20;23
4106;2024-10-18;23
4107;2026-01-21;23
4108;2024-03-30;23
4109;2025-03-19;23
4110;2025-10-29;23
4111;2025-09-25;23
4112;2024-07-07;23
4113;2025-12-14;23
4114;2025-02-13;23
4115;2024-05-02;23
4116;2024-05-12;23
4117;2025-06-04;23
4118;2024-07-15;23
4119;2024-04-05;23
4120;2025-12-17;23
4121;2024-12-29;23
4122;2025-03-14;23
4123;2025-08-24;23
4124;2024-05-24;23
4125;2025-06-27;23
4126;2024-05-22;23
4127;2025-04-06;23
4128;2024-05-13;23
4129;2025-04-17;23
4130;2025-07-24;23
4131;2024-06-09;23
4132;2025-04-12;23
4133;2025-02-25;23
4134;2025-05-07;23
4135;2024-06-09;23
4136;2025-11-15;23
4137;2024-06-14;23
4138;2025-06-29;23
4139;2025-07-09;23
4140;2024-01-31;23
4141;2024-08-11;24
4142;2024-07-01;24
4143;2024-08-04;24
4144;2025-11-04;24
4145;2025-02-08;24
4146;2024-10-10;24
4147;2024-02-04;24
4148;2024-07-14;24
4149;2025-11-17;24
4150;2025-01-27;24
4151;2025-07-19;24
4152;2025-05-19;24
4153;2025-02-27;24
4154;2025-06-27;24
4155;2024-05-12;24
4156;2025-03-29;24
4157;2024-08-28;24
4158;2024-08-04;24
4159;2024-02-09;24
4160;2025-01-17;24
4161;2024-06-11;24
4162;2025-07-07;24
4163;2025-12-21;24
4164;2025-02-14;24
4165;2025-02-09;24
4166;2024-12-08;24
4167;2025-04-04;24
4168;2025-06-29;24
4169;2025-03-15;24
4170;2025-06-17;24
4171;2025-03-22;24
4172;2024-04-17;24
4173;2024-03-30;24
4174;2024-04-10;24
4175;2025-05-06;24
4176;2024-01-28;24
4177;2024-11-10;24
4178;2025-12-11;24
4179;2024-09-21;24
4180;2025-02-24;24
4181;2024-05-03;24
4182;2024-05-17;24
4183;2024-05-05;24
4184;2025-06-30;24
4185;2025-01-10;24
4186;2024-02-07;24
4187;2026-01-28;24
4188;2025-01-12;24
4189;2024-03-27;24
4190;2025-04-05;24
4191;2025-04-24;24
4192;2024-04-05;24
4193;2024-07-25;24
4194;2025-07-10;24
4195;2024-03-19;24
4196;2025-10-03;24
4197;2024-03-09;24
4198;2026-01-08;24
4199;2024-02-13;24
4200;2024-07-31;24
4201;2024-02-19;24
4202;2025-10-20;24
4203;2024-08-02;24
4204;2025-03-01;24
4205;2024-05-05;24
4206;2024-07-01;24
4207;2024-06-24;24
4208;2024-07-22;24
4209;2025-02-25;24
4210;2025-07-26;24
4211;2024-12-16;24
4212;2024-04-24;24
4213;2024-12-02;24
4214;2025-04-23;24
4215;2024-07-03;24
4216;2025-08-07;24
4217;2024-07-09;24
4218;2026-01-27;24
4219;2025-05-11;24
4220;2025-08-02;24
4221;2025-06-06;24
4222;2025-08-30;24
4223;2024-07-29;24
4224;2024-08-01;24
4225;2025-11-28;24
4226;2024-04-22;24
4227;2025-04-05;24
4228;2025-07-22;24
4229;2024-05-28;24
4230;2024-09-11;24
4231;2025-12-13;24
4232;2025-02-26;24
4233;2024-01-07;24
4234;2025-12-14;24
4235;2024-08-23;24
4236;2024-06-30;24
4237;2025-02-16;24
4238;2025-12-22;24
4239;2024-04-22;24
4240;2024-09-17;24
4241;2025-12-05;24
4242;2024-08-08;24
4243;2025-05-09;24
4244;2025-08-11;24
4245;2024-04-07;24
4246;2024-09-16;24
4247;2025-07-13;24
4248;2024-03-08;24
4249;2024-11-28;24
4250;2024-07-17;24
4251;2024-06-28;24
4252;2024-06-10;24
4253;2024-07-04;24
4254;2024-01-11;24
4255;2025-11-23;24
4256;2025-12-22;24
4257;2024-12-28;24
4258;2025-03-07;24
4259;2025-03-25;24
4260;2024-10-30;24
4261;2024-02-06;24
4262;2025-11-24;24
4263;2025-08-17;24
4264;2025-05-13;24
4265;2024-03-03;24
4266;2025-03-17;24
4267;2025-10-26;24
4268;2024-01-29;24
4269;2024-12-31;24
4270;2025-01-02;24
4271;2024-03-25;24
4272;2025-01-08;24
4273;2024-01-26;24
4274;2024-11-27;24
4275;2025-03-21;24
4276;2024-04-05;24
4277;2025-05-23;24
4278;2024-03-27;24
4279;2024-10-07;24
4280;2024-09-27;24
4281;2024-05-24;24
4282;2025-07-07;24
4283;2025-03-14;24
4284;2025-07-06;24
4285;2025-03-31;24
4286;2025-09-22;24
4287;2025-06-06;24
4288;2026-01-04;24
4289;2024-07-29;24
4290;2024-06-03;24
4291;2025-10-09;24
4292;2025-12-17;24
4293;2026-01-26;24
4294;2024-09-10;24
4295;2024-08-01;24
4296;2025-07-11;24
4297;2024-03-14;24
4298;2024-12-04;24
4299;2025-11-12;24
4300;2025-06-02;24
4301;2025-08-21;24
4302;2025-10-19;24
4303;2024-02-15;24
4304;2025-09-22;24
4305;2025-10-05;24
4306;2025-08-21;24
4307;2024-08-20;24
4308;2025-05-31;24
4309;2024-02-21;24
4310;2024-03-14;24
4311;2025-03-09;24
4312;2024-11-08;24
4313;2024-11-17;24
4314;2024-09-03;24
4315;2025-10-26;24
4316;2024-06-28;24
4317;2024-01-25;24
4318;2026-01-29;24
4319;2024-02-19;24
4320;2024-10-24;24
4321;2024-04-15;25
4322;2024-11-06;25
4323;2024-07-27;25
4324;2025-11-23;25
4325;2024-09-11;25
4326;2024-04-04;25
4327;2025-08-08;25
4328;2025-11-11;25
4329;2024-05-09;25
4330;2024-09-12;25
4331;2024-06-09;25
4332;2025-11-19;25
4333;2025-05-01;25
4334;2025-11-11;25
4335;2025-03-22;25
4336;2024-09-05;25
4337;2025-12-08;25
4338;2025-12-26;25
4339;2025-05-20;25
4340;2025-03-17;25
4341;2024-12-05;25
4342;2024-08-04;25
4343;2025-08-13;25
4344;2025-01-15;25
4345;2024-06-27;25
4346;2026-01-13;25
4347;2024-03-24;25
4348;2025-10-27;25
4349;2024-08-23;25
4350;2026-01-28;25
4351;2025-02-10;25
4352;2024-12-26;25
4353;2025-05-18;25
4354;2024-05-09;25
4355;2025-11-25;25
4356;2025-04-08;25
4357;2025-12-24;25
4358;2024-06-04;25
4359;2024-05-18;25
4360;2026-01-10;25
4361;2025-07-20;25
4362;2024-11-03;25
4363;2025-03-04;25
4364;2024-12-15;25
4365;2025-07-20;25
4366;2024-08-28;25
4367;2024-11-21;25
4368;2024-11-24;25
4369;2024-04-16;25
4370;2025-04-15;25
4371;2026-01-11;25
4372;2025-05-31;25
4373;2025-02-06;25
4374;2024-09-24;25
4375;2024-07-10;25
4376;2026-01-10;25
4377;2025-04-07;25
4378;2024-10-08;25
4379;2025-04-30;25
4380;2025-07-30;25
4381;2025-03-17;25
4382;2025-07-07;25
4383;2025-11-01;25
4384;2024-08-02;25
4385;2024-03-21;25
4386;2024-04-22;25
4387;2025-11-02;25
4388;2024-08-14;25
4389;2025-02-25;25
4390;2024-11-13;25
4391;2025-11-26;25
4392;2024-05-11;25
4393;2025-07-21;25
4394;2024-03-21;25
4395;2026-01-13;25
4396;2024-12-14;25
4397;2024-06-10;25
4398;2025-07-30;25
4399;2024-07-21;25
4400;2025-01-25;25
4401;2024-12-20;25
4402;2025-06-23;25
4403;2026-01-05;25
4404;2024-02-12;25
4405;2025-10-20;25
4406;2024-06-22;25
4407;2024-07-31;25
4408;2025-11-15;25
4409;2025-06-02;25
4410;2025-02-19;25
4411;2024-09-06;25
4412;2024-12-22;25
4413;2024-10-11;25
4414;2025-02-23;25
4415;2025-07-28;25
4416;2025-12-01;25
4417;2025-12-05;25
4418;2024-03-27;25
4419;2025-02-09;25
4420;2024-01-12;25
4421;2024-01-30;25
4422;2025-08-23;25
4423;2026-01-08;25
4424;2025-04-19;25
4425;2024-07-13;25
4426;2024-08-08;25
4427;2024-07-30;25
4428;2025-02-24;25
4429;2024-03-30;25
4430;2025-09-08;25
4431;2024-11-23;25
4432;2024-09-15;25
4433;2024-12-23;25
4434;2025-12-26;25
4435;2024-05-13;25
4436;2025-12-06;25
4437;2025-05-02;25
4438;2024-09-07;25
4439;2024-11-23;25
4440;2024-11-07;25
4441;2024-08-11;25
4442;2025-02-18;25
4443;2025-05-25;25
4444;2025-12-14;25
4445;2024-12-03;25
4446;2025-04-09;25
4447;2024-07-18;25
4448;2024-02-19;25
4449;2024-03-27;25
4450;2025-10-25;25
4451;2026-01-14;25
4452;2025-04-08;25
4453;2025-11-03;25
4454;2025-07-25;25
4455;2024-09-02;25
4456;2025-01-26;25
4457;2024-11-02;25
4458;2024-09-30;25
4459;2025-02-10;25
4460;2025-05-13;25
4461;2025-05-02;25
4462;2024-08-06;25
4463;2025-02-04;25
4464;2024-07-26;25
4465;2024-10-12;25
4466;2025-04-04;25
4467;2024-05-20;25
4468;2024-11-09;25
4469;2024-03-29;25
4470;2025-12-28;25
4471;2024-11-28;25
4472;2025-12-24;25
4473;2025-12-18;25
4474;2024-05-27;25
4475;2024-03-20;25
4476;2025-06-07;25
4477;2024-08-11;25
4478;2024-03-10;25
4479;2025-04-17;25
4480;2025-09-13;25
4481;2024-07-09;25
4482;2025-01-21;25
4483;2025-04-07;25
4484;2025-08-10;25
4485;2025-08-23;25
4486;2025-12-24;25
4487;2024-10-08;25
4488;2024-09-05;25
4489;2025-10-01;25
4490;2024-06-07;25
4491;2024-05-09;25
4492;2024-10-11;25
4493;2024-12-09;25
4494;2024-07-11;25
4495;2024-12-08;25
4496;2024-10-03;25
4497;2025-01-19;25
4498;2024-03-06;25
4499;2025-05-03;25
4500;2025-05-02;25
4501;2024-04-15;26
4502;2025-12-30;26
4503;2025-02-14;26
4504;2025-12-11;26
4505;2024-08-06;26
4506;2024-06-20;26
4507;2025-04-25;26
4508;2025-11-06;26
4509;2025-05-27;26
4510;2025-03-21;26
4511;2024-02-24;26
4512;2024-09-08;26
4513;2025-11-16;26
4514;2025-06-14;26
4515;2025-04-16;26
4516;2026-01-24;26
4517;2024-07-19;26
4518;2025-06-18;26
4519;2024-04-23;26
4520;2025-07-01;26
4521;2024-09-15;26
4522;2024-05-24;26
4523;2025-10-08;26
4524;2024-05-13;26
4525;2025-12-18;26
4526;2026-01-17;26
4527;2025-07-30;26
4528;2024-07-15;26
4529;2025-12-21;26
4530;2024-03-25;26
4531;2024-03-07;26
4532;2024-04-27;26
4533;2025-08-24;26
4534;2026-01-20;26
4535;2024-10-21;26
4536;2024-01-16;26
4537;2024-06-19;26
4538;2025-08-25;26
4539;2025-12-27;26
4540;2025-11-22;26
4541;2024-10-21;26
4542;2024-04-14;26
4543;2025-03-19;26
4544;2024-05-24;26
4545;2024-02-20;26
4546;2024-11-19;26
4547;2025-01-26;26
4548;2025-02-01;26
4549;2025-04-22;26
4550;2024-07-06;26
4551;2025-08-19;26
4552;2026-01-09;26
4553;2025-06-23;26
4554;2024-09-20;26
4555;2025-02-07;26
4556;2024-02-20;26
4557;2026-01-10;26
4558;2024-08-13;26
4559;2024-03-08;26
4560;2024-02-25;26
4561;2025-05-30;26
4562;2024-06-28;26
4563;2024-03-08;26
4564;2026-01-21;26
4565;2024-11-23;26
4566;2024-11-25;26
4567;2025-05-18;26
4568;2024-01-23;26
4569;2024-03-08;26
4570;2024-02-23;26
4571;2024-03-13;26
4572;2024-10-19;26
4573;2024-02-22;26
4574;2024-12-12;26
4575;2025-01-13;26
4576;2025-10-15;26
4577;2025-07-04;26
4578;2025-11-29;26
4579;2025-09-25;26
4580;2024-11-25;26
4581;2024-12-14;26
4582;2025-05-20;26
4583;2024-10-31;26
4584;2024-04-01;26
4585;2024-04-27;26
4586;2025-11-07;26
4587;2024-12-17;26
4588;2025-08-16;26
4589;2025-10-25;26
4590;2025-01-05;26
4591;2025-08-05;26
4592;2024-05-28;26
4593;2024-03-27;26
4594;2025-10-08;26
4595;2024-06-05;26
4596;2025-12-11;26
4597;2025-05-17;26
4598;2025-11-28;26
4599;2024-04-06;26
4600;2024-11-16;26
4601;2024-08-02;26
4602;2025-01-07;26
4603;2024-11-25;26
4604;2025-05-13;26
4605;2024-01-26;26
4606;2025-08-26;26
4607;2025-02-02;26
4608;2025-04-22;26
4609;2024-03-04;26
4610;2025-08-13;26
4611;2024-02-29;26
4612;2025-04-16;26
4613;2024-08-30;26
4614;2025-07-24;26
4615;2025-09-27;26
4616;2024-12-24;26
4617;2025-03-12;26
4618;2024-05-27;26
4619;2025-01-18;26
4620;2025-05-18;26
4621;2024-05-18;26
4622;2024-08-04;26
4623;2025-03-12;26
4624;2024-02-09;26
4625;2024-03-09;26
4626;2024-05-23;26
4627;2024-11-25;26
4628;2025-02-11;26
4629;2024-06-08;26
4630;2025-02-20;26
4631;2025-03-16;26
4632;2024-11-02;26
4633;2024-06-25;26
4634;2025-02-08;26
4635;2025-12-12;26
4636;2025-07-03;26
4637;2025-07-09;26
4638;2024-01-25;26
4639;2025-06-27;26
4640;2024-04-12;26
4641;2024-12-23;26
4642;2025-10-02;26
4643;2025-05-14;26
4644;2024-08-07;26
4645;2024-01-12;26
4646;2025-03-23;26
4647;2025-08-17;26
4648;2025-06-13;26
4649;2024-06-18;26
4650;2024-08-14;26
4651;2024-05-14;26
4652;2025-06-30;26
4653;2025-04-29;26
4654;2025-01-28;26
4655;2025-04-08;26
4656;2024-07-01;26
4657;2024-02-06;26
4658;2025-08-25;26
4659;2024-04-04;26
4660;2025-10-24;26
4661;2025-11-16;26
4662;2024-09-02;26
4663;2024-10-03;26
4664;2025-08-02;26
4665;2025-08-03;26
4666;2024-03-14;26
4667;2025-11-29;26
4668;2025-04-25;26
4669;2025-03-10;26
4670;2025-06-17;26
4671;2024-09-07;26
4672;2025-09-24;26
4673;2024-08-21;26
4674;2025-11-23;26
4675;2025-04-06;26
4676;2024-03-17;26
4677;2025-08-08;26
4678;2026-01-22;26
4679;2025-04-15;26
4680;2025-02-10;26
4681;2025-09-15;27
4682;2024-09-05;27
4683;2024-02-19;27
4684;2026-01-31;27
4685;2026-01-09;27
4686;2025-06-22;27
4687;2024-11-04;27
4688;2025-10-18;27
4689;2024-11-23;27
4690;2024-10-22;27
4691;2024-10-29;27
4692;2024-01-06;27
4693;2026-01-13;27
4694;2024-08-11;27
4695;2024-10-10;27
4696;2024-01-31;27
4697;2025-07-12;27
4698;2024-08-16;27
4699;2025-05-11;27
4700;2024-07-08;27
4701;2024-09-28;27
4702;2024-10-21;27
4703;2024-09-06;27
4704;2024-10-25;27
4705;2025-02-14;27
4706;2025-11-17;27
4707;2025-07-15;27
4708;2024-12-11;27
4709;2025-10-03;27
4710;2025-10-19;27
4711;2024-08-04;27
4712;2024-04-08;27
4713;2024-05-08;27
4714;2025-05-16;27
4715;2024-04-07;27
4716;2024-02-12;27
4717;2025-04-27;27
4718;2025-07-29;27
4719;2025-12-07;27
4720;2025-07-19;27
4721;2025-09-09;27
4722;2025-10-18;27
4723;2025-07-08;27
4724;2024-08-25;27
4725;2024-04-06;27
4726;2025-05-10;27
4727;2025-10-25;27
4728;2025-09-13;27
4729;2024-07-28;27
4730;2025-11-08;27
4731;2024-02-04;27
4732;2024-04-12;27
4733;2026-01-20;27
4734;2025-01-15;27
4735;2025-07-05;27
4736;2024-09-23;27
4737;2024-09-08;27
4738;2025-11-15;27
4739;2024-10-17;27
4740;2024-08-11;27
4741;2024-02-26;27
4742;2025-02-17;27
4743;2024-01-27;27
4744;2024-08-18;27
4745;2025-01-30;27
4746;2024-04-01;27
4747;2025-10-25;27
4748;2025-03-18;27
4749;2025-09-11;27
4750;2024-10-30;27
4751;2025-07-10;27
4752;2025-01-25;27
4753;2025-05-08;27
4754;2024-06-26;27
4755;2024-04-10;27
4756;2024-08-21;27
4757;2025-07-24;27
4758;2025-03-26;27
4759;2024-08-27;27
4760;2025-12-29;27
4761;2024-06-14;27
4762;2024-05-13;27
4763;2025-11-19;27
4764;2024-01-24;27
4765;2024-01-15;27
4766;2024-03-25;27
4767;2024-10-31;27
4768;2025-04-10;27
4769;2025-05-11;27
4770;2024-12-06;27
4771;2024-04-20;27
4772;2024-06-04;27
4773;2025-02-23;27
4774;2025-06-08;27
4775;2025-07-31;27
4776;2024-08-06;27
4777;2024-11-24;27
4778;2024-02-02;27
4779;2025-04-10;27
4780;2026-01-11;27
4781;2025-08-25;27
4782;2025-12-07;27
4783;2025-10-27;27
4784;2025-05-15;27
4785;2025-08-09;27
4786;2025-05-24;27
4787;2025-02-15;27
4788;2024-03-15;27
4789;2024-07-01;27
4790;2025-03-23;27
4791;2024-03-10;27
4792;2025-07-30;27
4793;2024-12-10;27
4794;2025-02-22;27
4795;2024-09-15;27
4796;2024-11-06;27
4797;2025-04-20;27
4798;2024-11-08;27
4799;2025-11-13;27
4800;2024-03-01;27
4801;2025-11-30;27
4802;2025-06-29;27
4803;2024-04-25;27
4804;2025-06-28;27
4805;2025-11-08;27
4806;2025-07-06;27
4807;2025-03-10;27
4808;2024-05-03;27
4809;2024-08-21;27
4810;2025-09-19;27
4811;2024-02-07;27
4812;2025-02-22;27
4813;2025-07-01;27
4814;2025-04-12;27
4815;2024-08-25;27
4816;2025-05-21;27
4817;2025-06-09;27
4818;2024-02-11;27
4819;2024-05-25;27
4820;2024-05-14;27
4821;2024-04-05;27
4822;2025-05-31;27
4823;2024-02-16;27
4824;2025-01-18;27
4825;2024-07-12;27
4826;2025-11-03;27
4827;2024-01-03;27
4828;2024-09-26;27
4829;2024-07-24;27
4830;2024-07-07;27
4831;2025-01-10;27
4832;2025-07-01;27
4833;2024-10-09;27
4834;2024-03-21;27
4835;2024-03-14;27
4836;2025-03-02;27
4837;2024-10-29;27
4838;2024-04-20;27
4839;2025-03-13;27
4840;2025-08-01;27
4841;2024-05-31;27
4842;2025-06-07;27
4843;2025-01-27;27
4844;2024-10-15;27
4845;2025-09-30;27
4846;2024-12-24;27
4847;2024-02-28;27
4848;2024-05-27;27
4849;2024-07-03;27
4850;2025-07-24;27
4851;2024-11-02;27
4852;2025-01-02;27
4853;2025-04-15;27
4854;2024-06-02;27
4855;2024-03-25;27
4856;2025-04-26;27
4857;2025-08-10;27
4858;2025-12-19;27
4859;2024-12-27;27
4860;2025-05-30;27
4861;2025-06-04;28
4862;2025-09-17;28
4863;2024-10-11;28
4864;2024-08-14;28
4865;2025-02-07;28
4866;2024-03-03;28
4867;2024-03-29;28
4868;2025-12-21;28
4869;2024-05-27;28
4870;2025-11-24;28
4871;2024-12-04;28
4872;2025-06-25;28
4873;2025-11-24;28
4874;2025-12-16;28
4875;2025-08-12;28
4876;2025-07-05;28
4877;2025-01-01;28
4878;2024-09-23;28
4879;2025-04-26;28
4880;2024-10-29;28
4881;2024-12-10;28
4882;2024-07-09;28
4883;2024-06-10;28
4884;2025-06-13;28
4885;2024-12-04;28
4886;2024-04-16;28
4887;2024-06-25;28
4888;2025-02-09;28
4889;2025-11-30;28
4890;2024-06-08;28
4891;2024-04-16;28
4892;2025-02-26;28
4893;2025-10-11;28
4894;2024-12-13;28
4895;2024-12-14;28
4896;2024-06-05;28
4897;2025-10-08;28
4898;2025-07-01;28
4899;2026-01-02;28
4900;2025-08-04;28
4901;2025-03-04;28
4902;2025-04-20;28
4903;2025-07-27;28
4904;2025-03-19;28
4905;2025-11-05;28
4906;2025-07-17;28
4907;2024-11-19;28
4908;2025-12-22;28
4909;2025-05-03;28
4910;2025-09-26;28
4911;2024-02-22;28
4912;2024-10-01;28
4913;2025-06-10;28
4914;2025-10-03;28
4915;2024-09-02;28
4916;2024-02-01;28
4917;2025-02-28;28
4918;2025-08-30;28
4919;2024-06-10;28
4920;2025-03-31;28
4921;2024-12-31;28
4922;2024-05-16;28
4923;2026-01-05;28
4924;2026-01-28;28
4925;2025-04-21;28
4926;2025-08-24;28
4927;2025-03-23;28
4928;2025-09-01;28
4929;2024-02-16;28
4930;2025-11-05;28
4931;2024-04-05;28
4932;2025-03-01;28
4933;2025-03-21;28
4934;2024-01-16;28
4935;2024-01-30;28
4936;2025-09-14;28
4937;2024-05-16;28
4938;2024-11-13;28
4939;2024-03-22;28
4940;2024-06-24;28
4941;2024-03-06;28
4942;2024-10-21;28
4943;2024-07-07;28
4944;2026-01-12;28
4945;2025-02-06;28
4946;2024-04-05;28
4947;2025-10-14;28
4948;2024-01-12;28
4949;2024-09-13;28
4950;2024-02-28;28
4951;2025-03-21;28
4952;2024-12-27;28
4953;2025-09-04;28
4954;2025-02-04;28
4955;2025-09-11;28
4956;2024-05-03;28
4957;2024-07-14;28
4958;2025-04-22;28
4959;2025-02-04;28
4960;2024-01-08;28
4961;2025-03-02;28
4962;2024-09-11;28
4963;2024-11-07;28
4964;2025-10-04;28
4965;2025-12-31;28
4966;2024-09-27;28
4967;2024-07-14;28
4968;2024-11-24;28
4969;2024-01-31;28
4970;2025-12-16;28
4971;2024-03-10;28
4972;2026-01-10;28
4973;2025-12-10;28
4974;2025-12-21;28
4975;2026-01-28;28
4976;2024-01-28;28
4977;2025-12-29;28
4978;2024-05-03;28
4979;2024-07-01;28
4980;2024-04-08;28
4981;2024-08-05;28
4982;2024-08-02;28
4983;2024-10-04;28
4984;2024-09-29;28
4985;2024-02-08;28
4986;2024-04-30;28
4987;2024-01-26;28
4988;2024-08-30;28
4989;2024-03-12;28
4990;2025-07-01;28
4991;2025-04-17;28
4992;2025-05-09;28
4993;2024-09-07;28
4994;2024-01-10;28
4995;2025-12-14;28
4996;2024-09-19;28
4997;2025-06-26;28
4998;2025-01-11;28
4999;2024-11-24;28
5000;2024-07-18;28
5001;2025-05-01;28
5002;2025-05-31;28
5003;2025-10-05;28
5004;2024-01-30;28
5005;2025-02-13;28
5006;2024-09-04;28
5007;2025-07-23;28
5008;2024-05-29;28
5009;2025-06-07;28
5010;2024-06-07;28
5011;2025-03-26;28
5012;2025-05-15;28
5013;2025-08-18;28
5014;2026-01-18;28
5015;2025-03-16;28
5016;2024-09-17;28
5017;2025-04-25;28
5018;2024-01-01;28
5019;2025-09-21;28
5020;2024-10-30;28
5021;2025-05-29;28
5022;2024-09-25;28
5023;2025-12-30;28
5024;2025-08-23;28
5025;2024-02-02;28
5026;2026-01-23;28
5027;2025-12-16;28
5028;2024-05-15;28
5029;2025-05-02;28
5030;2025-04-18;28
5031;2025-02-02;28
5032;2025-01-19;28
5033;2024-10-30;28
5034;2024-10-23;28
5035;2024-03-12;28
5036;2025-06-01;28
5037;2024-07-19;28
5038;2025-05-24;28
5039;2026-01-16;28
5040;2025-02-12;28
5041;2026-01-22;29
5042;2024-07-25;29
5043;2025-03-10;29
5044;2024-11-14;29
5045;2025-05-24;29
5046;2024-04-26;29
5047;2024-11-17;29
5048;2025-12-03;29
5049;2025-04-19;29
5050;2025-03-02;29
5051;2024-03-23;29
5052;2025-04-12;29
5053;2025-03-23;29
5054;2025-10-07;29
5055;2026-01-26;29
5056;2024-08-08;29
5057;2026-01-16;29
5058;2025-09-11;29
5059;2024-01-15;29
5060;2024-11-18;29
5061;2025-12-19;29
5062;2024-06-01;29
5063;2024-03-05;29
5064;2024-10-07;29
5065;2025-04-07;29
5066;2025-06-20;29
5067;2024-03-25;29
5068;2024-08-14;29
5069;2024-08-24;29
5070;2026-01-07;29
5071;2025-04-17;29
5072;2025-05-20;29
5073;2025-05-06;29
5074;2024-07-10;29
5075;2025-12-27;29
5076;2024-05-05;29
5077;2024-01-01;29
5078;2024-07-09;29
5079;2024-02-14;29
5080;2024-06-30;29
5081;2024-06-15;29
5082;2025-01-27;29
5083;2024-08-22;29
5084;2025-12-08;29
5085;2025-07-22;29
5086;2024-10-28;29
5087;2025-06-13;29
5088;2024-07-31;29
5089;2025-09-01;29
5090;2025-03-10;29
5091;2025-02-26;29
5092;2026-01-15;29
5093;2024-04-01;29
5094;2024-07-04;29
5095;2024-11-19;29
5096;2025-04-24;29
5097;2024-06-12;29
5098;2025-05-07;29
5099;2025-11-19;29
5100;2024-12-13;29
5101;2024-06-06;29
5102;2024-11-05;29
5103;2024-11-03;29
5104;2024-11-12;29
5105;2025-05-03;29
5106;2025-08-12;29
5107;2024-03-12;29
5108;2026-01-30;29
5109;2025-07-15;29
5110;2025-04-23;29
5111;2025-12-31;29
5112;2024-06-16;29
5113;2025-11-14;29
5114;2024-05-16;29
5115;2024-08-09;29
5116;2024-05-28;29
5117;2024-04-21;29
5118;2024-04-22;29
5119;2025-09-08;29
5120;2024-11-16;29
5121;2025-04-07;29
5122;2024-08-19;29
5123;2024-01-13;29
5124;2024-04-22;29
5125;2025-05-26;29
5126;2025-02-09;29
5127;2025-12-25;29
5128;2024-12-23;29
5129;2024-01-13;29
5130;2024-03-20;29
5131;2025-12-20;29
5132;2024-09-07;29
5133;2024-12-19;29
5134;2024-11-22;29
5135;2025-02-05;29
5136;2024-08-20;29
5137;2024-12-22;29
5138;2024-07-18;29
5139;2025-08-06;29
5140;2025-05-24;29
5141;2024-06-10;29
5142;2024-04-17;29
5143;2024-12-03;29
5144;2025-08-04;29
5145;2024-12-25;29
5146;2024-01-23;29
5147;2025-01-31;29
5148;2025-09-08;29
5149;2024-12-30;29
5150;2024-12-22;29
5151;2025-10-09;29
5152;2024-11-06;29
5153;2025-06-21;29
5154;2025-10-23;29
5155;2025-04-29;29
5156;2024-06-18;29
5157;2025-05-21;29
5158;2024-06-15;29
5159;2025-03-19;29
5160;2025-09-21;29
5161;2025-09-09;29
5162;2024-05-31;29
5163;2025-07-24;29
5164;2026-01-12;29
5165;2025-11-30;29
5166;2024-10-23;29
5167;2024-05-04;29
5168;2025-03-17;29
5169;2024-08-03;29
5170;2025-06-11;29
5171;2025-10-27;29
5172;2025-04-29;29
5173;2025-03-19;29
5174;2025-01-23;29
5175;2025-07-24;29
5176;2024-07-12;29
5177;2025-08-24;29
5178;2025-08-10;29
5179;2024-09-04;29
5180;2024-02-14;29
5181;2024-06-05;29
5182;2026-01-20;29
5183;2024-09-14;29
5184;2024-01-25;29
5185;2025-08-17;29
5186;2025-08-07;29
5187;2024-07-05;29
5188;2024-03-08;29
5189;2024-03-25;29
5190;2024-03-16;29
5191;2024-09-18;29
5192;2024-05-21;29
5193;2024-03-12;29
5194;2026-01-01;29
5195;2024-04-05;29
5196;2025-05-18;29
5197;2025-12-23;29
5198;2025-03-20;29
5199;2025-05-06;29
5200;2024-09-14;29
5201;2025-06-06;29
5202;2025-11-04;29
5203;2024-04-24;29
5204;2025-08-03;29
5205;2024-10-29;29
5206;2025-01-17;29
5207;2024-06-25;29
5208;2024-01-20;29
5209;2025-09-04;29
5210;2025-08-25;29
5211;2025-07-11;29
5212;2025-05-25;29
5213;2024-07-16;29
5214;2025-11-21;29
5215;2024-06-09;29
5216;2025-03-21;29
5217;2024-07-29;29
5218;2026-01-10;29
5219;2024-09-27;29
5220;2025-09-09;29
5221;2025-05-01;30
5222;2024-12-28;30
5223;2024-11-17;30
5224;2024-10-18;30
5225;2024-01-07;30
5226;2024-07-01;30
5227;2025-08-18;30
5228;2025-12-10;30
5229;2024-11-02;30
5230;2025-07-24;30
5231;2025-06-29;30
5232;2025-07-17;30
5233;2025-12-13;30
5234;2025-04-12;30
5235;2025-06-01;30
5236;2025-04-13;30
5237;2025-10-17;30
5238;2024-08-10;30
5239;2025-08-21;30
5240;2024-07-08;30
5241;2024-03-19;30
5242;2024-07-21;30
5243;2024-11-23;30
5244;2024-06-23;30
5245;2024-08-13;30
5246;2024-06-01;30
5247;2025-07-26;30
5248;2024-10-17;30
5249;2024-07-29;30
5250;2025-09-13;30
5251;2025-04-24;30
5252;2025-08-18;30
5253;2025-08-12;30
5254;2024-12-02;30
5255;2026-01-26;30
5256;2024-02-26;30
5257;2025-02-20;30
5258;2025-07-01;30
5259;2024-12-28;30
5260;2024-10-21;30
5261;2025-01-30;30
5262;2025-11-25;30
5263;2025-04-27;30
5264;2024-02-21;30
5265;2024-03-09;30
5266;2025-11-03;30
5267;2025-05-11;30
5268;2025-12-28;30
5269;2025-05-28;30
5270;2024-11-08;30
5271;2024-05-14;30
5272;2024-01-28;30
5273;2024-04-01;30
5274;2024-04-13;30
5275;2025-07-06;30
5276;2024-11-25;30
5277;2026-01-08;30
5278;2025-06-13;30
5279;2025-10-05;30
5280;2025-01-30;30
5281;2024-11-28;30
5282;2024-07-30;30
5283;2024-04-25;30
5284;2024-05-10;30
5285;2025-03-06;30
5286;2024-04-06;30
5287;2024-06-01;30
5288;2024-03-05;30
5289;2024-08-23;30
5290;2024-01-13;30
5291;2024-11-07;30
5292;2024-10-13;30
5293;2025-04-28;30
5294;2024-07-08;30
5295;2024-06-24;30
5296;2024-09-06;30
5297;2025-09-23;30
5298;2024-04-23;30
5299;2025-09-13;30
5300;2024-06-06;30
5301;2025-08-23;30
5302;2024-04-09;30
5303;2026-01-04;30
5304;2024-06-02;30
5305;2024-10-01;30
5306;2025-02-08;30
5307;2024-07-19;30
5308;2024-12-22;30
5309;2025-08-28;30
5310;2024-06-09;30
5311;2025-09-17;30
5312;2025-10-11;30
5313;2024-08-21;30
5314;2024-06-17;30
5315;2025-12-06;30
5316;2024-10-26;30
5317;2024-03-14;30
5318;2025-02-02;30
5319;2025-03-29;30
5320;2024-06-10;30
5321;2024-04-28;30
5322;2024-12-12;30
5323;2025-07-23;30
5324;2025-07-23;30
5325;2025-04-14;30
5326;2024-01-09;30
5327;2025-12-16;30
5328;2025-01-13;30
5329;2024-03-11;30
5330;2024-10-14;30
5331;2025-05-12;30
5332;2025-02-12;30
5333;2024-08-06;30
5334;2024-12-15;30
5335;2025-11-28;30
5336;2026-01-07;30
5337;2024-06-01;30
5338;2025-01-18;30
5339;2024-08-06;30
5340;2024-03-26;30
5341;2025-04-07;30
5342;2025-11-01;30
5343;2024-10-03;30
5344;2025-01-03;30
5345;2024-04-06;30
5346;2025-04-06;30
5347;2024-04-11;30
5348;2024-08-19;30
5349;2024-07-13;30
5350;2025-03-01;30
5351;2025-04-22;30
5352;2024-12-20;30
5353;2025-12-26;30
5354;2025-09-12;30
5355;2024-06-21;30
5356;2024-06-24;30
5357;2025-07-13;30
5358;2025-07-19;30
5359;2025-01-12;30
5360;2025-05-28;30
5361;2024-05-16;30
5362;2024-02-12;30
5363;2024-06-05;30
5364;2024-03-17;30
5365;2025-06-15;30
5366;2025-07-16;30
5367;2025-02-16;30
5368;2025-08-13;30
5369;2025-04-24;30
5370;2024-06-01;30
5371;2024-04-11;30
5372;2024-06-23;30
5373;2024-10-06;30
5374;2024-08-27;30
5375;2024-10-30;30
5376;2024-06-10;30
5377;2025-08-14;30
5378;2024-02-14;30
5379;2025-10-03;30
5380;2025-01-21;30
5381;2025-10-21;30
5382;2025-12-09;30
5383;2025-10-30;30
5384;2024-02-15;30
5385;2024-04-30;30
5386;2025-07-13;30
5387;2024-12-20;30
5388;2024-04-05;30
5389;2024-09-07;30
5390;2024-03-09;30
5391;2025-07-21;30
5392;2025-04-09;30
5393;2025-08-22;30
5394;2024-07-26;30
5395;2025-05-14;30
5396;2024-06-01;30
5397;2024-04-21;30
5398;2025-04-02;30
5399;2024-09-12;30
5400;2025-10-26;30
